Category,Subcategory,Calculator,Suggested Slug,US_Focus
Auto & Transportation,Auto Loans & Payments,Auto Loan Per Diem Calculator,auto-loan-per-diem,False
Auto & Transportation,Auto Loans & Payments,Auto affordability (DTI/price target),auto-affordability-dti-price-target,False
Auto & Transportation,Auto Loans & Payments,Auto loan calculator,auto-loan-calculator,False
Auto & Transportation,Auto Loans & Payments,Auto refinance savings,auto-refinance-savings,False
Auto & Transportation,Auto Loans & Payments,Auto sales tax & fees estimator,auto-sales-tax-and-fees-estimator,False
Auto & Transportation,Auto Loans & Payments,Biweekly auto payoff,biweekly-auto-payoff,False
Auto & Transportation,Auto Loans & Payments,Car Affordability Calculator,car-affordability,False
Auto & Transportation,Auto Loans & Payments,Car Depreciation Calculator,car-depreciation,False
Auto & Transportation,Auto Loans & Payments,Car Insurance Cost Per Month Calculator,car-insurance-cost-per-month,False
Auto & Transportation,Auto Loans & Payments,Car Wash Profit Calculator,car-wash-profit,False
Auto & Transportation,Auto Loans & Payments,Car Wash Tip Calculator,car-wash-tip,False
Auto & Transportation,Auto Loans & Payments,Car loan calculator,car-loan-calculator,False
Auto & Transportation,Auto Loans & Payments,Car payment calculator,car-payment-calculator,False
Auto & Transportation,Auto Loans & Payments,Dealer incentive: cash-back vs low-APR breakeven,dealer-incentive-cash-back-vs-low-apr-breakeven,False
Auto & Transportation,Auto Loans & Payments,Dump Trailer Capacity Calculator,dump-trailer-capacity,False
Auto & Transportation,Auto Loans & Payments,EV federal tax credit eligibility (IRC §30D),ev-federal-tax-credit-eligibility-irc-30d,False
Auto & Transportation,Auto Loans & Payments,Fair Car Allowance Calculator,fair-car-allowance,False
Auto & Transportation,Auto Loans & Payments,Out-the-door price (taxes/fees),out-the-door-price-taxes-fees,False
Auto & Transportation,Auto Loans & Payments,Rental Car Cost Per Day Calculator,rental-car-cost-per-day,False
Auto & Transportation,Auto Loans & Payments,Towing Cost Per Mile Calculator,towing-cost-per-mile,False
Auto & Transportation,Auto Loans & Payments,Trailer Loan Calculator,trailer-loan,False
Auto & Transportation,Auto Loans & Payments,Trailer Tire Pressure Calculator,trailer-tire-pressure,False
Auto & Transportation,Auto Loans & Payments,Trailer Value Calculator,trailer-value,False
Auto & Transportation,Auto Loans & Payments,Used vs new total cost of ownership,used-vs-new-total-cost-of-ownership,False
Auto & Transportation,Auto Loans & Payments,Vehicle depreciation curve,vehicle-depreciation-curve,False
Auto & Transportation,Buy/Sell & Trade‑in,Auto loan with trade-in / negative equity,auto-loan-with-trade-in-negative-equity,False
Auto & Transportation,Buy/Sell & Trade‑in,Trade-in vs private sale net proceeds,trade-in-vs-private-sale-net-proceeds,False
Auto & Transportation,Fuel & Operating Cost,EV vs gas total cost of ownership (incl. tax credit),ev-vs-gas-total-cost-of-ownership-incl-tax-credit,False
Auto & Transportation,Fuel & Operating Cost,"Fuel cost per month / per mile (MPG, miles/year)",fuel-cost-per-month-per-mile-mpg-miles-year,False
Auto & Transportation,Fuel & Operating Cost,Gas Cost Per Month Calculator,gas-cost-per-month,False
Auto & Transportation,Fuel & Operating Cost,Gas Lantern Cost Calculator,gas-lantern-cost,False
Auto & Transportation,Fuel & Operating Cost,Gas Station Profit Calculator,gas-station-profit,False
Auto & Transportation,Leasing,Auto lease payment (money factor ↔ APR),auto-lease-payment-money-factor-apr,False
Auto & Transportation,Leasing,Lease vs buy (auto),lease-vs-buy-auto,False
"Banking, Savings & Cash Management",,APY ↔ APR / EAR converter (effective rate),apy-apr-ear-converter-effective-rate,False
"Banking, Savings & Cash Management",,CD early-withdrawal penalty,cd-early-withdrawal-penalty,False
"Banking, Savings & Cash Management",,CD ladder planner,cd-ladder-planner,False
"Banking, Savings & Cash Management",,CD maturity value / interest,cd-maturity-value-interest,False
"Banking, Savings & Cash Management",,Emergency fund size,emergency-fund-size,False
"Banking, Savings & Cash Management",,HYSA vs checking opportunity cost,hysa-vs-checking-opportunity-cost,False
"Banking, Savings & Cash Management",,Inflation-adjusted savings (real return),inflation-adjusted-savings-real-return,False
"Banking, Savings & Cash Management",,Investment income tracker (interest/dividends),investment-income-tracker-interest-dividends,False
"Banking, Savings & Cash Management",,Money market vs savings comparison,money-market-vs-savings-comparison,False
"Banking, Savings & Cash Management",,Savings goal (target amount & date),savings-goal-target-amount-and-date,False
"Banking, Savings & Cash Management",,Simple vs compound interest,simple-vs-compound-interest,False
"Banking, Savings & Cash Management",,Sinking fund planner,sinking-fund-planner,False
"Budgeting, Income & Everyday Math",,Budget planner,budget-planner,False
"Budgeting, Income & Everyday Math",,Cash-flow calendar / bill-pay scheduler,cash-flow-calendar-bill-pay-scheduler,False
"Budgeting, Income & Everyday Math",,Commission calculator,commission-calculator,False
"Budgeting, Income & Everyday Math",,"Date calculator (day-count, due dates)",date-calculator-day-count-due-dates,False
"Budgeting, Income & Everyday Math",,Net worth tracker,net-worth-tracker,False
"Budgeting, Income & Everyday Math",,Overtime / shift differential pay,overtime-shift-differential-pay,False
"Budgeting, Income & Everyday Math",,Pay raise impact (gross & net),pay-raise-impact-gross-and-net,False
"Budgeting, Income & Everyday Math",,Percentage / proportion / discount calculator,percentage-proportion-discount-calculator,False
"Budgeting, Income & Everyday Math",,Salary ↔ hourly converter,salary-hourly-converter,False
"Budgeting, Income & Everyday Math",,Sales-tax calculator (quick),sales-tax-calculator-quick,False
"Budgeting, Income & Everyday Math",,Tip calculator,tip-calculator,False
"Budgeting, Income & Everyday Math",,Unit conversions (finance-relevant),unit-conversions-finance-relevant,False
Credit Cards & Scores,Balance & Payoff,0 Percent Balance Transfer Payoff Calculator,0-percent-balance-transfer-payoff,False
Credit Cards & Scores,Balance & Payoff,0% intro payoff planner,0-intro-payoff-planner,False
Credit Cards & Scores,Balance & Payoff,Average Daily Balance interest cost,average-daily-balance-interest-cost,False
Credit Cards & Scores,Balance & Payoff,Balance transfer savings + breakeven (with fee),balance-transfer-savings-breakeven-with-fee,False
Credit Cards & Scores,Balance & Payoff,Credit-card payoff time & total interest,credit-card-payoff-time-and-total-interest,False
Credit Cards & Scores,Balance & Payoff,Minimum payment cost (time to payoff),minimum-payment-cost-time-to-payoff,False
Credit Cards & Scores,Rates & Fees,Credit Card Calculator,credit-card,False
Credit Cards & Scores,Rates & Fees,Credit Card Limit Calculator,credit-card-limit,False
Credit Cards & Scores,Rates & Fees,Credit Card Miles Calculator,credit-card-miles,False
Credit Cards & Scores,Rates & Fees,Credit Card Minimum Calculator,credit-card-minimum,False
Credit Cards & Scores,Rates & Fees,Credit Card Processing Fees Calculator,credit-card-processing-fees,False
Credit Cards & Scores,Rates & Fees,Credit Card Reward Calculator,credit-card-reward,False
Credit Cards & Scores,Rates & Fees,Credit Card Size Calculator,credit-card-size,False
Credit Cards & Scores,Rates & Fees,Credit Card Usage Percentage Calculator,credit-card-usage-percentage,False
Credit Cards & Scores,Rates & Fees,Credit Utilization Ratio Calculator,credit-utilization-ratio,False
Credit Cards & Scores,Rates & Fees,Credit utilization impact (what-if),credit-utilization-impact-what-if,False
Credit Cards & Scores,Rates & Fees,Foreign transaction fee cost,foreign-transaction-fee-cost,False
Credit Cards & Scores,Rates & Fees,Purchase vs cash-advance cost,purchase-vs-cash-advance-cost,False
Credit Cards & Scores,Rates & Fees,Welcome bonus breakeven / opportunity cost,welcome-bonus-breakeven-opportunity-cost,False
Credit Cards & Scores,Rewards & Bonuses,Rewards valuation (cashback vs points vs miles),rewards-valuation-cashback-vs-points-vs-miles,False
Economics & Macroeconomics,Macro,Aggregate Expenditure Calculator,aggregate-expenditure,False
Economics & Macroeconomics,Macro,Economics Multiplier Calculator,economics-multiplier,False
Economics & Macroeconomics,Macro,Employment Multiplier Calculator,employment-multiplier,False
Economics & Macroeconomics,Macro,GDP Calculator,gdp,False
Economics & Macroeconomics,Macro,GDP Growth Rate Calculator,gdp-growth-rate,False
Economics & Macroeconomics,Macro,GDP Per Capita Calculator,gdp-per-capita,False
Economics & Macroeconomics,Macro,HDI Calculator,hdi,False
Economics & Macroeconomics,Macro,Margin Multiplier Calculator,margin-multiplier,False
Economics & Macroeconomics,Macro,Money Multiplier Calculator,money-multiplier,False
Economics & Macroeconomics,Macro,Money Supply Calculator,money-supply,False
Economics & Macroeconomics,Macro,Multiplier Effect Calculator,multiplier-effect,False
Economics & Macroeconomics,Macro,National Income Calculator,national-income,False
Economics & Macroeconomics,Macro,Natural Rate of Unemployment Calculator,natural-rate-of-unemployment,False
Economics & Macroeconomics,Macro,Output Gap Calculator,output-gap,False
Economics & Macroeconomics,Macro,Pension Multiplier Calculator,pension-multiplier,False
Economics & Macroeconomics,Macro,Price Multiplier Calculator,price-multiplier,False
Economics & Macroeconomics,Macro,Profit Multiplier Calculator,profit-multiplier,False
Economics & Macroeconomics,Macro,Real GDP Calculator,real-gdp,False
Economics & Macroeconomics,Macro,Sales Multiplier Calculator,sales-multiplier,False
Economics & Macroeconomics,Macro,Spending Multiplier Calculator,spending-multiplier,False
Economics & Macroeconomics,Macro,Velocity of Money Calculator,velocity-of-money,False
Family & Life Events,,Childcare cost vs second income,childcare-cost-vs-second-income,False
Family & Life Events,,Cost of raising a child,cost-of-raising-a-child,False
Family & Life Events,,Cost-of-living comparison (city vs city),cost-of-living-comparison-city-vs-city,False
Family & Life Events,,Home renovation ROI / payback,home-renovation-roi-payback,False
Family & Life Events,,Moving cost vs salary change (COL adjust),moving-cost-vs-salary-change-col-adjust,False
Family & Life Events,,Wedding budget & savings pace,wedding-budget-and-savings-pace,False
Futures & Commodities,,Carry / cost-of-carry (fair value),carry-cost-of-carry-fair-value,False
Futures & Commodities,,Future Loss of Earnings Calculator,future-loss-of-earnings,False
Futures & Commodities,,Future Value Calculator,future-value,False
Futures & Commodities,,Futures P&L & breakeven,futures-p-and-l-and-breakeven,False
Futures & Commodities,,Futures margin & leverage impact,futures-margin-and-leverage-impact,False
Futures & Commodities,,Net Future Value Calculator,net-future-value,False
Futures & Commodities,,Private Equity Carry Calculator,private-equity-carry,False
Futures & Commodities,,Soybean Crush Margin Calculator,soybean-crush-margin,False
Gambling & Betting / Games,Betting,Bet Rollover Calculator,bet-rollover,False
Gambling & Betting / Games,Betting,Double Chance Bet Calculator,double-chance-bet,False
Gambling & Betting / Games,Betting,Options Expected Move Calculator,options-expected-move,False
Gambling & Betting / Games,Betting,Parlay Value Calculator,parlay-value,False
Gambling & Betting / Games,Betting,Poker Markup Calculator,poker-markup,False
Gambling & Betting / Games,Betting,Risk Free Bet Calculator,risk-free-bet,False
General Budgeting & Everyday Math,Misc / Everyday,1 Percent Daily Return Calculator,1-percent-daily-return,False
General Budgeting & Everyday Math,Misc / Everyday,1 Percent Income Calculator,1-percent-income,False
General Budgeting & Everyday Math,Misc / Everyday,1 Percent Rule Calculator,1-percent-rule,False
General Budgeting & Everyday Math,Misc / Everyday,1.5 X Pay Calculator,1-5-x-pay,False
General Budgeting & Everyday Math,Misc / Everyday,10 Percent Annual Return Calculator,10-percent-annual-return,False
General Budgeting & Everyday Math,Misc / Everyday,10 Percent Daily Return Calculator,10-percent-daily-return,False
General Budgeting & Everyday Math,Misc / Everyday,10 Percent Of Income Calculator,10-percent-of-income,False
General Budgeting & Everyday Math,Misc / Everyday,10X Return Calculator,10x-return,False
General Budgeting & Everyday Math,Misc / Everyday,1:10 Stock Split Calculator,1-10-stock-split,False
General Budgeting & Everyday Math,Misc / Everyday,2/10 Net 30 Calculator,2-10-net-30,False
General Budgeting & Everyday Math,Misc / Everyday,20 30 50 Rule Calculator,20-30-50-rule,False
General Budgeting & Everyday Math,Misc / Everyday,20 Percent Margin Calculator,20-percent-margin,False
General Budgeting & Everyday Math,Misc / Everyday,20-1 Stock Split Calculator,20-1-stock-split,False
General Budgeting & Everyday Math,Misc / Everyday,20/4/10 Rule Calculator,20-4-10-rule,False
General Budgeting & Everyday Math,Misc / Everyday,28 Percent Rule Calculator,28-percent-rule,False
General Budgeting & Everyday Math,Misc / Everyday,3/2 Stock Split Calculator,3-2-stock-split,False
General Budgeting & Everyday Math,Misc / Everyday,30 Business Day Calculator,30-business-day,False
General Budgeting & Everyday Math,Misc / Everyday,30-Day SEC Yield Calculator,30-day-sec-yield,False
General Budgeting & Everyday Math,Misc / Everyday,30/30/30 Rule Calculator,30-30-30-rule,False
General Budgeting & Everyday Math,Misc / Everyday,403B Payout Calculator,403b-payout,False
General Budgeting & Everyday Math,Misc / Everyday,50/25/25 Rule Calculator,50-25-25-rule,False
General Budgeting & Everyday Math,Misc / Everyday,6 Month Income Calculator,6-month-income,False
General Budgeting & Everyday Math,Misc / Everyday,60/20/20 Rule Calculator,60-20-20-rule,False
General Budgeting & Everyday Math,Misc / Everyday,60/40 Commission Calculator,60-40-commission,False
General Budgeting & Everyday Math,Misc / Everyday,60/40 Commission Split Calculator,60-40-commission-split,False
General Budgeting & Everyday Math,Misc / Everyday,70 Percent Rule Flipping Calculator,70-percent-rule-flipping,False
General Budgeting & Everyday Math,Misc / Everyday,70/30 Commission Split Calculator,70-30-commission-split,False
General Budgeting & Everyday Math,Misc / Everyday,75 Percent Off Calculator,75-percent-off,False
General Budgeting & Everyday Math,Misc / Everyday,ADR (Average Daily Rate) Calculator,adr-average-daily-rate,False
General Budgeting & Everyday Math,Misc / Everyday,AFN (Additional Funds Needed) Calculator,afn-additional-funds-needed,False
General Budgeting & Everyday Math,Misc / Everyday,ATC (Average Total Cost) Calculator,atc-average-total-cost,False
General Budgeting & Everyday Math,Misc / Everyday,ATR (Average True Range) Stop Loss Calculator,atr-average-true-range-stop-loss,False
General Budgeting & Everyday Math,Misc / Everyday,Abnormal Earnings Calculator,abnormal-earnings,False
General Budgeting & Everyday Math,Misc / Everyday,Absolute Return Calculator,absolute-return,False
General Budgeting & Everyday Math,Misc / Everyday,Accelerated Depreciation Calculator,accelerated-depreciation,False
General Budgeting & Everyday Math,Misc / Everyday,Accelerated Payment Calculator,accelerated-payment,False
General Budgeting & Everyday Math,Misc / Everyday,Accident Depreciation Calculator,accident-depreciation,False
General Budgeting & Everyday Math,Misc / Everyday,Accounting Profit Calculator,accounting-profit,False
General Budgeting & Everyday Math,Misc / Everyday,Accounting Rate of Return Calculator,accounting-rate-of-return,False
General Budgeting & Everyday Math,Misc / Everyday,Accrued Sick Leave Calculator,accrued-sick-leave,False
General Budgeting & Everyday Math,Misc / Everyday,Accumulator Return Calculator,accumulator-return,False
General Budgeting & Everyday Math,Misc / Everyday,Acquisition Cost Calculator,acquisition-cost,False
General Budgeting & Everyday Math,Misc / Everyday,Acquisition Premium Calculator,acquisition-premium,False
General Budgeting & Everyday Math,Misc / Everyday,Activity-Based Costing Calculator,activity-based-costing,False
General Budgeting & Everyday Math,Misc / Everyday,Additional Premium Calculator,additional-premium,False
General Budgeting & Everyday Math,Misc / Everyday,Adherence Calculator,adherence,False
General Budgeting & Everyday Math,Misc / Everyday,Adjusted Gross Score Calculator,adjusted-gross-score,False
General Budgeting & Everyday Math,Misc / Everyday,Adjusted Lease Balance Calculator,adjusted-lease-balance,False
General Budgeting & Everyday Math,Misc / Everyday,Adjusted Trial Balance Calculator,adjusted-trial-balance,False
General Budgeting & Everyday Math,Misc / Everyday,Admin Fee Calculator,admin-fee,False
General Budgeting & Everyday Math,Misc / Everyday,Affiliate Commission Calculator,affiliate-commission,False
General Budgeting & Everyday Math,Misc / Everyday,Age Factor Calculator,age-factor,False
General Budgeting & Everyday Math,Misc / Everyday,Age Of Inventory Calculator,age-of-inventory,False
General Budgeting & Everyday Math,Misc / Everyday,Agency Profit Calculator,agency-profit,False
General Budgeting & Everyday Math,Misc / Everyday,Aggregate Income Calculator,aggregate-income,False
General Budgeting & Everyday Math,Misc / Everyday,Aging Schedule Calculator,aging-schedule,False
General Budgeting & Everyday Math,Misc / Everyday,Agreement Date Calculator,agreement-date,False
General Budgeting & Everyday Math,Misc / Everyday,Airline Cost Index Calculator,airline-cost-index,False
General Budgeting & Everyday Math,Misc / Everyday,Airline Yield Calculator,airline-yield,False
General Budgeting & Everyday Math,Misc / Everyday,Album Sales Calculator,album-sales,False
General Budgeting & Everyday Math,Misc / Everyday,Alimony Buyout Calculator,alimony-buyout,False
General Budgeting & Everyday Math,Misc / Everyday,All Bill Calculators,all-bill,False
General Budgeting & Everyday Math,Misc / Everyday,All Cost Calculators,all-cost,False
General Budgeting & Everyday Math,Misc / Everyday,All Finance Calculators,all-finance,False
General Budgeting & Everyday Math,Misc / Everyday,All Margin Calculators,all-margin,False
General Budgeting & Everyday Math,Misc / Everyday,All Price Calculators,all-price,False
General Budgeting & Everyday Math,Misc / Everyday,All Profit Calculators,all-profit,False
General Budgeting & Everyday Math,Misc / Everyday,All Revenue Calculators,all-revenue,False
General Budgeting & Everyday Math,Misc / Everyday,All Sales Calculators,all-sales,False
General Budgeting & Everyday Math,Misc / Everyday,Allocated Cost Calculator,allocated-cost,False
General Budgeting & Everyday Math,Misc / Everyday,Allocation Percent Calculator,allocation-percent,False
General Budgeting & Everyday Math,Misc / Everyday,Amended Return Calculator,amended-return,False
General Budgeting & Everyday Math,Misc / Everyday,Amounts Generally Billed (AGB) Calculator,amounts-generally-billed-agb,False
General Budgeting & Everyday Math,Misc / Everyday,Annual Change Calculator,annual-change,False
General Budgeting & Everyday Math,Misc / Everyday,Annual Expense Calculator,annual-expense,False
General Budgeting & Everyday Math,Misc / Everyday,Annual Fee Calculator,annual-fee,False
General Budgeting & Everyday Math,Misc / Everyday,Annual Fuel Cost Calculator,annual-fuel-cost,False
General Budgeting & Everyday Math,Misc / Everyday,Annual Growth Rate To Monthly Calculator,annual-growth-rate-to-monthly,False
General Budgeting & Everyday Math,Misc / Everyday,Annual Income Calculator,annual-income,False
General Budgeting & Everyday Math,Misc / Everyday,Annual Income To Monthly Calculator,annual-income-to-monthly,False
General Budgeting & Everyday Math,Misc / Everyday,Annual Incremental Earnings Calculator,annual-incremental-earnings,False
General Budgeting & Everyday Math,Misc / Everyday,Annual Insurance Premium Calculator,annual-insurance-premium,False
General Budgeting & Everyday Math,Misc / Everyday,Annual Leave Hours To Days Calculator,annual-leave-hours-to-days,False
General Budgeting & Everyday Math,Misc / Everyday,Annual Loss Expectancy Calculator,annual-loss-expectancy,False
General Budgeting & Everyday Math,Misc / Everyday,Annual Merit Increase Calculator,annual-merit-increase,False
General Budgeting & Everyday Math,Misc / Everyday,Annual Variable Pay Calculator,annual-variable-pay,False
General Budgeting & Everyday Math,Misc / Everyday,Annualized Cost Of Trade Credit Calculator,annualized-cost-of-trade-credit,False
General Budgeting & Everyday Math,Misc / Everyday,Annualized Endorsement Premium Calculator,annualized-endorsement-premium,False
General Budgeting & Everyday Math,Misc / Everyday,Annualized Turnover Calculator,annualized-turnover,False
General Budgeting & Everyday Math,Misc / Everyday,Anodizing Cost Calculator,anodizing-cost,False
General Budgeting & Everyday Math,Misc / Everyday,Appliance Depreciation Calculator,appliance-depreciation,False
General Budgeting & Everyday Math,Misc / Everyday,Appraisal Adjustment Calculator,appraisal-adjustment,False
General Budgeting & Everyday Math,Misc / Everyday,Appraisal Cost Calculator,appraisal-cost,False
General Budgeting & Everyday Math,Misc / Everyday,Appraisal Expiration Date Calculator,appraisal-expiration-date,False
General Budgeting & Everyday Math,Misc / Everyday,Appraisal Hike Percentage Calculator,appraisal-hike-percentage,False
General Budgeting & Everyday Math,Misc / Everyday,Aquarium Energy Cost Calculator,aquarium-energy-cost,False
General Budgeting & Everyday Math,Misc / Everyday,Arbitrage Percentage Calculator,arbitrage-percentage,False
General Budgeting & Everyday Math,Misc / Everyday,Arbitrage Profit Calculator,arbitrage-profit,False
General Budgeting & Everyday Math,Misc / Everyday,Arc Elasticity Calculator,arc-elasticity,False
General Budgeting & Everyday Math,Misc / Everyday,Arcade Revenue Calculator,arcade-revenue,False
General Budgeting & Everyday Math,Misc / Everyday,Architectural Fee Calculator,architectural-fee,False
General Budgeting & Everyday Math,Misc / Everyday,Art Commission Calculator,art-commission,False
General Budgeting & Everyday Math,Misc / Everyday,Asset Adjusted Basis Calculator,asset-adjusted-basis,False
General Budgeting & Everyday Math,Misc / Everyday,Asset Age Calculator,asset-age,False
General Budgeting & Everyday Math,Misc / Everyday,Asset Depletion Calculator,asset-depletion,False
General Budgeting & Everyday Math,Misc / Everyday,Asset Income Calculator,asset-income,False
General Budgeting & Everyday Math,Misc / Everyday,Asset Swap Calculator,asset-swap,False
General Budgeting & Everyday Math,Misc / Everyday,Attainment Percentage Calculator,attainment-percentage,False
General Budgeting & Everyday Math,Misc / Everyday,Attorney Fee Calculator,attorney-fee,False
General Budgeting & Everyday Math,Misc / Everyday,Attrition Calculator,attrition,False
General Budgeting & Everyday Math,Misc / Everyday,Auction Buyers Premium Calculator,auction-buyers-premium,False
General Budgeting & Everyday Math,Misc / Everyday,Auction Premium Calculator,auction-premium,False
General Budgeting & Everyday Math,Misc / Everyday,Audit Fee Calculator,audit-fee,False
General Budgeting & Everyday Math,Misc / Everyday,Audit Man Days Calculator,audit-man-days,False
General Budgeting & Everyday Math,Misc / Everyday,Audit Percentage Calculator,audit-percentage,False
General Budgeting & Everyday Math,Misc / Everyday,Audit Risk Calculator,audit-risk,False
General Budgeting & Everyday Math,Misc / Everyday,Average Benefit Percentage Test Calculator,average-benefit-percentage-test,False
General Budgeting & Everyday Math,Misc / Everyday,Average Capital Base Calculator,average-capital-base,False
General Budgeting & Everyday Math,Misc / Everyday,Average Cost Basis Calculator,average-cost-basis,False
General Budgeting & Everyday Math,Misc / Everyday,Average Cost Calculator,average-cost,False
General Budgeting & Everyday Math,Misc / Everyday,Average Credit Age Calculator,average-credit-age,False
General Budgeting & Everyday Math,Misc / Everyday,Average Daily Balance Calculator,average-daily-balance,False
General Budgeting & Everyday Math,Misc / Everyday,Average Daily Demand Calculator,average-daily-demand,False
General Budgeting & Everyday Math,Misc / Everyday,Average Daily Float Calculator,average-daily-float,False
General Budgeting & Everyday Math,Misc / Everyday,Average Days Late Calculator,average-days-late,False
General Budgeting & Everyday Math,Misc / Everyday,Average Deal Size Calculator,average-deal-size,False
General Budgeting & Everyday Math,Misc / Everyday,Average Directional Movement Index Calculator,average-directional-movement-index,False
General Budgeting & Everyday Math,Misc / Everyday,Average Growth Factor Calculator,average-growth-factor,False
General Budgeting & Everyday Math,Misc / Everyday,Average Guest Check Calculator,average-guest-check,False
General Budgeting & Everyday Math,Misc / Everyday,Average Ledger Balance Calculator,average-ledger-balance,False
General Budgeting & Everyday Math,Misc / Everyday,Average Order Size Calculator,average-order-size,False
General Budgeting & Everyday Math,Misc / Everyday,Average Per Cover Calculator,average-per-cover,False
General Budgeting & Everyday Math,Misc / Everyday,Average Poverty Gap Calculator,average-poverty-gap,False
General Budgeting & Everyday Math,Misc / Everyday,Average Prime Rate Calculator,average-prime-rate,False
General Budgeting & Everyday Math,Misc / Everyday,Average Revenue Calculator,average-revenue,False
General Budgeting & Everyday Math,Misc / Everyday,Average Seasonal Variation Calculator,average-seasonal-variation,False
General Budgeting & Everyday Math,Misc / Everyday,Average Settlement Period Calculator,average-settlement-period,False
General Budgeting & Everyday Math,Misc / Everyday,Average Total Assets Calculator,average-total-assets,False
General Budgeting & Everyday Math,Misc / Everyday,Average Variable Cost Calculator,average-variable-cost,False
General Budgeting & Everyday Math,Misc / Everyday,Average Wage Per Second Calculator,average-wage-per-second,False
General Budgeting & Everyday Math,Misc / Everyday,Average Weekly Sell Through Calculator,average-weekly-sell-through,False
General Budgeting & Everyday Math,Misc / Everyday,Average Weekly Wage Calculator,average-weekly-wage,False
General Budgeting & Everyday Math,Misc / Everyday,Awning Cost Calculator,awning-cost,False
General Budgeting & Everyday Math,Misc / Everyday,BDI (Brand Development Index) Calculator,bdi-brand-development-index,False
General Budgeting & Everyday Math,Misc / Everyday,Backpacking Cost Calculator,backpacking-cost,False
General Budgeting & Everyday Math,Misc / Everyday,Bank Guarantee Cost Calculator,bank-guarantee-cost,False
General Budgeting & Everyday Math,Misc / Everyday,Banner Cost Calculator,banner-cost,False
General Budgeting & Everyday Math,Misc / Everyday,Barge Rate Calculator,barge-rate,False
General Budgeting & Everyday Math,Misc / Everyday,Base Plus Commission Calculator,base-plus-commission,False
General Budgeting & Everyday Math,Misc / Everyday,Basis Point To Percentage Calculator,basis-point-to-percentage,False
General Budgeting & Everyday Math,Misc / Everyday,Basis Points Commission Calculator,basis-points-commission,False
General Budgeting & Everyday Math,Misc / Everyday,Basis Points Difference Calculator,basis-points-difference,False
General Budgeting & Everyday Math,Misc / Everyday,Basis Points Increase Calculator,basis-points-increase,False
General Budgeting & Everyday Math,Misc / Everyday,Battery Cost Calculator,battery-cost,False
General Budgeting & Everyday Math,Misc / Everyday,Battery Prorated Calculator,battery-prorated,False
General Budgeting & Everyday Math,Misc / Everyday,Beer Cost Calculator,beer-cost,False
General Budgeting & Everyday Math,Misc / Everyday,Benefits Effective Date Calculator,benefits-effective-date,False
General Budgeting & Everyday Math,Misc / Everyday,Beta Coefficient Calculator,beta-coefficient,False
General Budgeting & Everyday Math,Misc / Everyday,Beta Increase Calculator,beta-increase,False
General Budgeting & Everyday Math,Misc / Everyday,Betterment Return Calculator,betterment-return,False
General Budgeting & Everyday Math,Misc / Everyday,Betting Ladder Calculator,betting-ladder,False
General Budgeting & Everyday Math,Misc / Everyday,Bi Weekly Net Income Calculator,bi-weekly-net-income,False
General Budgeting & Everyday Math,Misc / Everyday,Bid Rate Calculator,bid-rate,False
General Budgeting & Everyday Math,Misc / Everyday,Bill Rate Calculator,bill-rate,False
General Budgeting & Everyday Math,Misc / Everyday,Billable Hours Calculator,billable-hours,False
General Budgeting & Everyday Math,Misc / Everyday,Billable Hours Goal Percentage Calculator,billable-hours-goal-percentage,False
General Budgeting & Everyday Math,Misc / Everyday,Billing Date Calculator,billing-date,False
General Budgeting & Everyday Math,Misc / Everyday,Billion To Trillion Calculator,billion-to-trillion,False
General Budgeting & Everyday Math,Misc / Everyday,Billionaire Calculator,billionaire,False
General Budgeting & Everyday Math,Misc / Everyday,Black Friday Calculator,black-friday,False
General Budgeting & Everyday Math,Misc / Everyday,Blended Fee Calculator,blended-fee,False
General Budgeting & Everyday Math,Misc / Everyday,Blended Labor Rate Calculator,blended-labor-rate,False
General Budgeting & Everyday Math,Misc / Everyday,Blended Margin Calculator,blended-margin,False
General Budgeting & Everyday Math,Misc / Everyday,Blended Rate Calculator,blended-rate,False
General Budgeting & Everyday Math,Misc / Everyday,Blogging Profit Calculator,blogging-profit,False
General Budgeting & Everyday Math,Misc / Everyday,Boat Depreciation Calculator,boat-depreciation,False
General Budgeting & Everyday Math,Misc / Everyday,Bond Dirty Price Calculator,bond-dirty-price,False
General Budgeting & Everyday Math,Misc / Everyday,Bond Equivalent Yield Calculator,bond-equivalent-yield,False
General Budgeting & Everyday Math,Misc / Everyday,Bond Settlement Date Calculator,bond-settlement-date,False
General Budgeting & Everyday Math,Misc / Everyday,Book Publishing Cost Calculator,book-publishing-cost,False
General Budgeting & Everyday Math,Misc / Everyday,Bottle Cost Calculator,bottle-cost,False
General Budgeting & Everyday Math,Misc / Everyday,Bottle Return Calculator,bottle-return,False
General Budgeting & Everyday Math,Misc / Everyday,Bottled Water Cost Calculator,bottled-water-cost,False
General Budgeting & Everyday Math,Misc / Everyday,Bps To Percent Calculator,bps-to-percent,False
General Budgeting & Everyday Math,Misc / Everyday,Bps Variance Calculator,bps-variance,False
General Budgeting & Everyday Math,Misc / Everyday,Brand Equity Calculator,brand-equity,False
General Budgeting & Everyday Math,Misc / Everyday,Break Even Point Calculator,break-even-point,False
General Budgeting & Everyday Math,Misc / Everyday,Brush Removal Cost Calculator,brush-removal-cost,False
General Budgeting & Everyday Math,Misc / Everyday,Budget Impact Calculator,budget-impact,False
General Budgeting & Everyday Math,Misc / Everyday,Budget Per Capita Calculator,budget-per-capita,False
General Budgeting & Everyday Math,Misc / Everyday,Budget Percent Calculator,budget-percent,False
General Budgeting & Everyday Math,Misc / Everyday,Budget Variance Calculator,budget-variance,False
General Budgeting & Everyday Math,Misc / Everyday,Buffet Food Cost Calculator,buffet-food-cost,False
General Budgeting & Everyday Math,Misc / Everyday,Build Rate Calculator,build-rate,False
General Budgeting & Everyday Math,Misc / Everyday,Build To Suit Lease Calculator,build-to-suit-lease,False
General Budgeting & Everyday Math,Misc / Everyday,Builders Risk Insurance Cost Calculator,builders-risk-insurance-cost,False
General Budgeting & Everyday Math,Misc / Everyday,Burden Rate Calculator,burden-rate,False
General Budgeting & Everyday Math,Misc / Everyday,Burn Rate Calculator,burn-rate,False
General Budgeting & Everyday Math,Misc / Everyday,Business Buyout Calculator,business-buyout,False
General Budgeting & Everyday Math,Misc / Everyday,Business Growth Percentage Calculator,business-growth-percentage,False
General Budgeting & Everyday Math,Misc / Everyday,Business Interruption Calculator,business-interruption,False
General Budgeting & Everyday Math,Misc / Everyday,Business Profitability Calculator,business-profitability,False
General Budgeting & Everyday Math,Misc / Everyday,Butterfly Spread Profit Calculator,butterfly-spread-profit,False
General Budgeting & Everyday Math,Misc / Everyday,Buyee Calculator,buyee,False
General Budgeting & Everyday Math,Misc / Everyday,Buying Power Calculator,buying-power,False
General Budgeting & Everyday Math,Misc / Everyday,Buyout Price Calculator,buyout-price,False
General Budgeting & Everyday Math,Misc / Everyday,CDI (Category Development Index) Calculator,cdi-category-development-index,False
General Budgeting & Everyday Math,Misc / Everyday,Call Put Premium Calculator,call-put-premium,False
General Budgeting & Everyday Math,Misc / Everyday,Calls Rate Calculator,calls-rate,False
General Budgeting & Everyday Math,Misc / Everyday,Calorie Cost Calculator,calorie-cost,False
General Budgeting & Everyday Math,Misc / Everyday,Cancellation Rate Calculator,cancellation-rate,False
General Budgeting & Everyday Math,Misc / Everyday,Capital Charge Factor Calculator,capital-charge-factor,False
General Budgeting & Everyday Math,Misc / Everyday,Capital Gains Yield Calculator + Formula,capital-gains-yield-formula,False
General Budgeting & Everyday Math,Misc / Everyday,Capitalization of Earnings Method Calculator,capitalization-of-earnings-method,False
General Budgeting & Everyday Math,Misc / Everyday,Carat Cost Calculator,carat-cost,False
General Budgeting & Everyday Math,Misc / Everyday,Card Fee Calculator,card-fee,False
General Budgeting & Everyday Math,Misc / Everyday,Card Points Calculator,card-points,False
General Budgeting & Everyday Math,Misc / Everyday,Career Income Calculator,career-income,False
General Budgeting & Everyday Math,Misc / Everyday,Carpool Savings Calculator,carpool-savings,False
General Budgeting & Everyday Math,Misc / Everyday,Carrying Cost Calculator,carrying-cost,False
General Budgeting & Everyday Math,Misc / Everyday,Case Cost Calculator,case-cost,False
General Budgeting & Everyday Math,Misc / Everyday,Cash Back Calculator,cash-back,False
General Budgeting & Everyday Math,Misc / Everyday,Cash Balance Calculator,cash-balance,False
General Budgeting & Everyday Math,Misc / Everyday,Cash Disbursement Calculator,cash-disbursement,False
General Budgeting & Everyday Math,Misc / Everyday,Cash Flow From Assets Calculator,cash-flow-from-assets,False
General Budgeting & Everyday Math,Misc / Everyday,Cash Flow Index Calculator,cash-flow-index,False
General Budgeting & Everyday Math,Misc / Everyday,Cash Flow to Creditors Calculator,cash-flow-to-creditors,False
General Budgeting & Everyday Math,Misc / Everyday,Cash Flow to Stockholders Calculator,cash-flow-to-stockholders,False
General Budgeting & Everyday Math,Misc / Everyday,Cash For Gold Calculator,cash-for-gold,False
General Budgeting & Everyday Math,Misc / Everyday,Cash Out Calculator,cash-out,False
General Budgeting & Everyday Math,Misc / Everyday,Cash Percentage Calculator,cash-percentage,False
General Budgeting & Everyday Math,Misc / Everyday,Cash Reserve Calculator,cash-reserve,False
General Budgeting & Everyday Math,Misc / Everyday,Cash Runway Calculator,cash-runway,False
General Budgeting & Everyday Math,Misc / Everyday,Casual Rate Calculator,casual-rate,False
General Budgeting & Everyday Math,Misc / Everyday,Catch Per Unit Effort Calculator,catch-per-unit-effort,False
General Budgeting & Everyday Math,Misc / Everyday,Cement Pad Cost Calculator,cement-pad-cost,False
General Budgeting & Everyday Math,Misc / Everyday,Cement Price Calculator,cement-price,False
General Budgeting & Everyday Math,Misc / Everyday,Cents Per Minute Calculator,cents-per-minute,False
General Budgeting & Everyday Math,Misc / Everyday,Certainty Equivalent Coefficient Calculator,certainty-equivalent-coefficient,False
General Budgeting & Everyday Math,Misc / Everyday,Certificate of Deposit Calculator,certificate-of-deposit,False
General Budgeting & Everyday Math,Misc / Everyday,Channel Letter Price Calculator,channel-letter-price,False
General Budgeting & Everyday Math,Misc / Everyday,Charge Lag Days Calculator,charge-lag-days,False
General Budgeting & Everyday Math,Misc / Everyday,Charge Out Rate Calculator,charge-out-rate,False
General Budgeting & Everyday Math,Misc / Everyday,Chargeable Event Gain Calculator,chargeable-event-gain,False
General Budgeting & Everyday Math,Misc / Everyday,Chargeable Weight Calculator,chargeable-weight,False
General Budgeting & Everyday Math,Misc / Everyday,Check Cashing Fee Calculator,check-cashing-fee,False
General Budgeting & Everyday Math,Misc / Everyday,Chia Profit Calculator,chia-profit,False
General Budgeting & Everyday Math,Misc / Everyday,Chicken Cost Calculator,chicken-cost,False
General Budgeting & Everyday Math,Misc / Everyday,Chip Distribution Calculator,chip-distribution,False
General Budgeting & Everyday Math,Misc / Everyday,Chipotle Points Calculator,chipotle-points,False
General Budgeting & Everyday Math,Misc / Everyday,Chrome Plating Cost Calculator,chrome-plating-cost,False
General Budgeting & Everyday Math,Misc / Everyday,Classroom Occupancy Calculator,classroom-occupancy,False
General Budgeting & Everyday Math,Misc / Everyday,Clearance Percentage Calculator,clearance-percentage,False
General Budgeting & Everyday Math,Misc / Everyday,Clothing Profit Margin Calculator,clothing-profit-margin,False
General Budgeting & Everyday Math,Misc / Everyday,Coal Cost Calculator,coal-cost,False
General Budgeting & Everyday Math,Misc / Everyday,Coefficient Of Elasticity Calculator,coefficient-of-elasticity,False
General Budgeting & Everyday Math,Misc / Everyday,Coefficient Of Utilization Calculator,coefficient-of-utilization,False
General Budgeting & Everyday Math,Misc / Everyday,Coffee Savings Calculator,coffee-savings,False
General Budgeting & Everyday Math,Misc / Everyday,Coins to Dollars Calculator,coins-to-dollars,False
General Budgeting & Everyday Math,Misc / Everyday,Collection Percentage Calculator,collection-percentage,False
General Budgeting & Everyday Math,Misc / Everyday,Commercial Lease Calculator,commercial-lease,False
General Budgeting & Everyday Math,Misc / Everyday,Commission Split Calculator,commission-split,False
General Budgeting & Everyday Math,Misc / Everyday,Commitment Fee Calculator,commitment-fee,False
General Budgeting & Everyday Math,Misc / Everyday,Common Stock Outstanding Calculator,common-stock-outstanding,False
General Budgeting & Everyday Math,Misc / Everyday,Commute Expense Calculator,commute-expense,False
General Budgeting & Everyday Math,Misc / Everyday,Comparable Sales Growth Calculator,comparable-sales-growth,False
General Budgeting & Everyday Math,Misc / Everyday,Competitor Index Calculator,competitor-index,False
General Budgeting & Everyday Math,Misc / Everyday,Composite Premium Calculator,composite-premium,False
General Budgeting & Everyday Math,Misc / Everyday,Compound Amount Factor Calculator,compound-amount-factor,False
General Budgeting & Everyday Math,Misc / Everyday,Compound Appreciation Calculator,compound-appreciation,False
General Budgeting & Everyday Math,Misc / Everyday,Compound Depreciation Calculator,compound-depreciation,False
General Budgeting & Everyday Math,Misc / Everyday,Compound Factor Calculator,compound-factor,False
General Budgeting & Everyday Math,Misc / Everyday,Compound Increase Calculator,compound-increase,False
General Budgeting & Everyday Math,Misc / Everyday,Compound Pay Raise Calculator,compound-pay-raise,False
General Budgeting & Everyday Math,Misc / Everyday,Compound Profit Calculator,compound-profit,False
General Budgeting & Everyday Math,Misc / Everyday,Compound Return Calculator,compound-return,False
General Budgeting & Everyday Math,Misc / Everyday,Compound Semi Annually Calculator,compound-semi-annually,False
General Budgeting & Everyday Math,Misc / Everyday,Compound Weekly Calculator,compound-weekly,False
General Budgeting & Everyday Math,Misc / Everyday,Compound Withdrawal Calculator,compound-withdrawal,False
General Budgeting & Everyday Math,Misc / Everyday,Consignment Percentage Calculator,consignment-percentage,False
General Budgeting & Everyday Math,Misc / Everyday,Consolidated Net Income Calculator,consolidated-net-income,False
General Budgeting & Everyday Math,Misc / Everyday,Consolidation Of Shares Calculator,consolidation-of-shares,False
General Budgeting & Everyday Math,Misc / Everyday,Constant Growth Rate Calculator,constant-growth-rate,False
General Budgeting & Everyday Math,Misc / Everyday,Constant Yield Calculator,constant-yield,False
General Budgeting & Everyday Math,Misc / Everyday,Constant/Conditional Prepayment Rate (CPR) Calculator,constant-conditional-prepayment-rate-cpr,False
General Budgeting & Everyday Math,Misc / Everyday,Consulting Fees Calculator,consulting-fees,False
General Budgeting & Everyday Math,Misc / Everyday,Consumer Surplus Calculator,consumer-surplus,False
General Budgeting & Everyday Math,Misc / Everyday,Contingency Percentage Calculator,contingency-percentage,False
General Budgeting & Everyday Math,Misc / Everyday,Continuous Depreciation Calculator,continuous-depreciation,False
General Budgeting & Everyday Math,Misc / Everyday,Contract Date Calculator,contract-date,False
General Budgeting & Everyday Math,Misc / Everyday,Contract End Date Calculator,contract-end-date,False
General Budgeting & Everyday Math,Misc / Everyday,Contract Time Calculator,contract-time,False
General Budgeting & Everyday Math,Misc / Everyday,Contractor Income Calculator,contractor-income,False
General Budgeting & Everyday Math,Misc / Everyday,Contribution Per Unit Calculator,contribution-per-unit,False
General Budgeting & Everyday Math,Misc / Everyday,Convenience Store Profit Calculator,convenience-store-profit,False
General Budgeting & Everyday Math,Misc / Everyday,Conversion Cost Calculator,conversion-cost,False
General Budgeting & Everyday Math,Misc / Everyday,Conversion Fee Calculator,conversion-fee,False
General Budgeting & Everyday Math,Misc / Everyday,Conversion Parity Price Calculator,conversion-parity-price,False
General Budgeting & Everyday Math,Misc / Everyday,Cookie Cost Calculator,cookie-cost,False
General Budgeting & Everyday Math,Misc / Everyday,Copper Price Calculator,copper-price,False
General Budgeting & Everyday Math,Misc / Everyday,Cost Basis Per Share Calculator,cost-basis-per-share,False
General Budgeting & Everyday Math,Misc / Everyday,Cost Decrease Calculator,cost-decrease,False
General Budgeting & Everyday Math,Misc / Everyday,Cost Function Calculator,cost-function,False
General Budgeting & Everyday Math,Misc / Everyday,Cost Increase Per Year Calculator,cost-increase-per-year,False
General Budgeting & Everyday Math,Misc / Everyday,Cost Indifference Point Calculator,cost-indifference-point,False
General Budgeting & Everyday Math,Misc / Everyday,Cost Of Daycare Calculator,cost-of-daycare,False
General Budgeting & Everyday Math,Misc / Everyday,Cost Of Doing Nothing Calculator,cost-of-doing-nothing,False
General Budgeting & Everyday Math,Misc / Everyday,Cost Of Gain Calculator,cost-of-gain,False
General Budgeting & Everyday Math,Misc / Everyday,Cost Of Homeownership Calculator,cost-of-homeownership,False
General Budgeting & Everyday Math,Misc / Everyday,Cost Performance Index Calculator,cost-performance-index,False
General Budgeting & Everyday Math,Misc / Everyday,Cost Plus Margin Calculator,cost-plus-margin,False
General Budgeting & Everyday Math,Misc / Everyday,Cost Recovery Deduction Calculator,cost-recovery-deduction,False
General Budgeting & Everyday Math,Misc / Everyday,Cost Recovery Percentage Calculator,cost-recovery-percentage,False
General Budgeting & Everyday Math,Misc / Everyday,Cost Savings Calculator,cost-savings,False
General Budgeting & Everyday Math,Misc / Everyday,Cost Variance Calculator,cost-variance,False
General Budgeting & Everyday Math,Misc / Everyday,Cost of Attendance Calculator,cost-of-attendance,False
General Budgeting & Everyday Math,Misc / Everyday,Cost of Capital Calculator,cost-of-capital,False
General Budgeting & Everyday Math,Misc / Everyday,Cost of Doing Business (CODB) Calculator,cost-of-doing-business-codb,False
General Budgeting & Everyday Math,Misc / Everyday,Cost of Energy Calculator,cost-of-energy,False
General Budgeting & Everyday Math,Misc / Everyday,Cost of Equity Calculator,cost-of-equity,False
General Budgeting & Everyday Math,Misc / Everyday,Cost of Funds Calculator,cost-of-funds,False
General Budgeting & Everyday Math,Misc / Everyday,Cost of Preferred Stock Calculator,cost-of-preferred-stock,False
General Budgeting & Everyday Math,Misc / Everyday,Cost of Sales Calculator,cost-of-sales,False
General Budgeting & Everyday Math,Misc / Everyday,Counter Offer Calculator,counter-offer,False
General Budgeting & Everyday Math,Misc / Everyday,Coupon Rate Calculator,coupon-rate,False
General Budgeting & Everyday Math,Misc / Everyday,Court Fee Calculator,court-fee,False
General Budgeting & Everyday Math,Misc / Everyday,Covenant Headroom Calculator,covenant-headroom,False
General Budgeting & Everyday Math,Misc / Everyday,Crawl Space Cost Calculator,crawl-space-cost,False
General Budgeting & Everyday Math,Misc / Everyday,Credit Default Rate Calculator,credit-default-rate,False
General Budgeting & Everyday Math,Misc / Everyday,Credit Hours To Credit Points Calculator,credit-hours-to-credit-points,False
General Budgeting & Everyday Math,Misc / Everyday,Credit Percentage Calculator,credit-percentage,False
General Budgeting & Everyday Math,Misc / Everyday,Credit Period Calculator,credit-period,False
General Budgeting & Everyday Math,Misc / Everyday,Credit Recovery Calculator,credit-recovery,False
General Budgeting & Everyday Math,Misc / Everyday,Credit To Gpa Calculator,credit-to-gpa,False
General Budgeting & Everyday Math,Misc / Everyday,Crew Rate Calculator,crew-rate,False
General Budgeting & Everyday Math,Misc / Everyday,Cross Margin Liquidation Calculator,cross-margin-liquidation,False
General Budgeting & Everyday Math,Misc / Everyday,Cross Price Elasticity Calculator,cross-price-elasticity,False
General Budgeting & Everyday Math,Misc / Everyday,Cumulative Variance Calculator,cumulative-variance,False
General Budgeting & Everyday Math,Misc / Everyday,Cupcake Cost Calculator,cupcake-cost,False
General Budgeting & Everyday Math,Misc / Everyday,Cut Points Calculator,cut-points,False
General Budgeting & Everyday Math,Misc / Everyday,DPMO Calculator (Defects Per Million Opportunities),dpmo-defects-per-million-opportunities,False
General Budgeting & Everyday Math,Misc / Everyday,Daily Expense Calculator,daily-expense,False
General Budgeting & Everyday Math,Misc / Everyday,Daily Increment Calculator,daily-increment,False
General Budgeting & Everyday Math,Misc / Everyday,Daily Points Calculator,daily-points,False
General Budgeting & Everyday Math,Misc / Everyday,Daily Reducing Balance Calculator,daily-reducing-balance,False
General Budgeting & Everyday Math,Misc / Everyday,Daily Sentiment Index Calculator,daily-sentiment-index,False
General Budgeting & Everyday Math,Misc / Everyday,Dairy Farm Profit Calculator,dairy-farm-profit,False
General Budgeting & Everyday Math,Misc / Everyday,Day Care Fee Calculator,day-care-fee,False
General Budgeting & Everyday Math,Misc / Everyday,Day Trade Calculator,day-trade,False
General Budgeting & Everyday Math,Misc / Everyday,Days Between Pay Periods Calculator,days-between-pay-periods,False
General Budgeting & Everyday Math,Misc / Everyday,Days In Inventory Calculator,days-in-inventory,False
General Budgeting & Everyday Math,Misc / Everyday,Days Of Cash On Hand Calculator,days-of-cash-on-hand,False
General Budgeting & Everyday Math,Misc / Everyday,Days Of Coverage Calculator,days-of-coverage,False
General Budgeting & Everyday Math,Misc / Everyday,Days Of Supply Calculator,days-of-supply,False
General Budgeting & Everyday Math,Misc / Everyday,Days On Market Calculator,days-on-market,False
General Budgeting & Everyday Math,Misc / Everyday,Days Overdue Calculator,days-overdue,False
General Budgeting & Everyday Math,Misc / Everyday,Days To Cover Calculator,days-to-cover,False
General Budgeting & Everyday Math,Misc / Everyday,Dead Heat Winnings Calculator,dead-heat-winnings,False
General Budgeting & Everyday Math,Misc / Everyday,Deadweight loss calculator,deadweight-loss,False
General Budgeting & Everyday Math,Misc / Everyday,Deduct Time Calculator,deduct-time,False
General Budgeting & Everyday Math,Misc / Everyday,Deduction Percentage Calculator,deduction-percentage,False
General Budgeting & Everyday Math,Misc / Everyday,Deed Stamp Calculator,deed-stamp,False
General Budgeting & Everyday Math,Misc / Everyday,Default Rate Calculator,default-rate,False
General Budgeting & Everyday Math,Misc / Everyday,Default Risk Premium Calculator,default-risk-premium,False
General Budgeting & Everyday Math,Misc / Everyday,Deficit Equity Calculator,deficit-equity,False
General Budgeting & Everyday Math,Misc / Everyday,Deficit Percentage Calculator,deficit-percentage,False
General Budgeting & Everyday Math,Misc / Everyday,Degree of Operating Leverage Calculator (+ Formula),degree-of-operating-leverage-formula,False
General Budgeting & Everyday Math,Misc / Everyday,Delinquency Percentage Calculator,delinquency-percentage,False
General Budgeting & Everyday Math,Misc / Everyday,Demand Charge Calculator,demand-charge,False
General Budgeting & Everyday Math,Misc / Everyday,Demand Variance Calculator,demand-variance,False
General Budgeting & Everyday Math,Misc / Everyday,Depletion Expense Calculator,depletion-expense,False
General Budgeting & Everyday Math,Misc / Everyday,Deposit Growth Calculator,deposit-growth,False
General Budgeting & Everyday Math,Misc / Everyday,Depreciable Cost Calculator,depreciable-cost,False
General Budgeting & Everyday Math,Misc / Everyday,Depreciation Calculator,depreciation,False
General Budgeting & Everyday Math,Misc / Everyday,Depth Per Pass Calculator,depth-per-pass,False
General Budgeting & Everyday Math,Misc / Everyday,Desired Profit Calculator,desired-profit,False
General Budgeting & Everyday Math,Misc / Everyday,Digital Art Commission Price Calculator,digital-art-commission-price,False
General Budgeting & Everyday Math,Misc / Everyday,Diluted Earnings Per Share Calculator (w/ Formula),diluted-earnings-per-share-w-formula,False
General Budgeting & Everyday Math,Misc / Everyday,Dimes To Dollars Calculator,dimes-to-dollars,False
General Budgeting & Everyday Math,Misc / Everyday,Dimes to Half Dollars Calculator,dimes-to-half-dollars,False
General Budgeting & Everyday Math,Misc / Everyday,Dimes to Quarters Calculator,dimes-to-quarters,False
General Budgeting & Everyday Math,Misc / Everyday,Diminishing Balance Method Calculator,diminishing-balance-method,False
General Budgeting & Everyday Math,Misc / Everyday,Diminishing Rate Calculator,diminishing-rate,False
General Budgeting & Everyday Math,Misc / Everyday,Diminishing Returns Calculator,diminishing-returns,False
General Budgeting & Everyday Math,Misc / Everyday,Direct Deposit Percentage Calculator,direct-deposit-percentage,False
General Budgeting & Everyday Math,Misc / Everyday,Direct Labor Calculator,direct-labor,False
General Budgeting & Everyday Math,Misc / Everyday,Direct Labor Costs Calculator,direct-labor-costs,False
General Budgeting & Everyday Math,Misc / Everyday,Direct Labor Hours Calculator,direct-labor-hours,False
General Budgeting & Everyday Math,Misc / Everyday,Direct Margin Calculator,direct-margin,False
General Budgeting & Everyday Math,Misc / Everyday,Discount Markup Calculator,discount-markup,False
General Budgeting & Everyday Math,Misc / Everyday,Discount Point Calculator,discount-point,False
General Budgeting & Everyday Math,Misc / Everyday,Discrepancy Rate Calculator,discrepancy-rate,False
General Budgeting & Everyday Math,Misc / Everyday,Disposable Income Calculator,disposable-income,False
General Budgeting & Everyday Math,Misc / Everyday,Distribution Cost Calculator,distribution-cost,False
General Budgeting & Everyday Math,Misc / Everyday,Distribution Per Unit Calculator,distribution-per-unit,False
General Budgeting & Everyday Math,Misc / Everyday,Dividends Per Share Calculator,dividends-per-share,False
General Budgeting & Everyday Math,Misc / Everyday,Divorce Asset Split Calculator,divorce-asset-split,False
General Budgeting & Everyday Math,Misc / Everyday,Divorce Buyout Calculator,divorce-buyout,False
General Budgeting & Everyday Math,Misc / Everyday,Divorce Money Calculator,divorce-money,False
General Budgeting & Everyday Math,Misc / Everyday,Dog Food Cost Calculator,dog-food-cost,False
General Budgeting & Everyday Math,Misc / Everyday,Dogecoin Profit Calculator,dogecoin-profit,False
General Budgeting & Everyday Math,Misc / Everyday,Dollar Weighted Return Calculator,dollar-weighted-return,False
General Budgeting & Everyday Math,Misc / Everyday,Dollar-Cost Averaging Calculator,dollar-cost-averaging,False
General Budgeting & Everyday Math,Misc / Everyday,Dollars To Minutes Calculator,dollars-to-minutes,False
General Budgeting & Everyday Math,Misc / Everyday,Dollars To Points Calculator,dollars-to-points,False
General Budgeting & Everyday Math,Misc / Everyday,Donation Calculator,donation,False
General Budgeting & Everyday Math,Misc / Everyday,Doordash Profit Calculator,doordash-profit,False
General Budgeting & Everyday Math,Misc / Everyday,Double Declining Depreciation Calculator,double-declining-depreciation,False
General Budgeting & Everyday Math,Misc / Everyday,Double Discount Calculator,double-discount,False
General Budgeting & Everyday Math,Misc / Everyday,Double Down Stock Calculator,double-down-stock,False
General Budgeting & Everyday Math,Misc / Everyday,Drip Compound Calculator,drip-compound,False
General Budgeting & Everyday Math,Misc / Everyday,Drop Off Rate Calculator,drop-off-rate,False
General Budgeting & Everyday Math,Misc / Everyday,Drop in Sales Calculator,drop-in-sales,False
General Budgeting & Everyday Math,Misc / Everyday,Dual Income Calculator,dual-income,False
General Budgeting & Everyday Math,Misc / Everyday,Dump Truck Operating Cost Calculator,dump-truck-operating-cost,False
General Budgeting & Everyday Math,Misc / Everyday,Dupont Formula Calculator,dupont-formula,False
General Budgeting & Everyday Math,Misc / Everyday,Duty Rate Calculator,duty-rate,False
General Budgeting & Everyday Math,Misc / Everyday,EAC Calculator,eac,False
General Budgeting & Everyday Math,Misc / Everyday,EBTIDA Calculator,ebtida,False
General Budgeting & Everyday Math,Misc / Everyday,EOQ Calculator,eoq,False
General Budgeting & Everyday Math,Misc / Everyday,EPS Growth Calculator,eps-growth,False
General Budgeting & Everyday Math,Misc / Everyday,ERC Calculator,erc,False
General Budgeting & Everyday Math,Misc / Everyday,ESOP Calculator,esop,False
General Budgeting & Everyday Math,Misc / Everyday,Ear Calculator,ear,False
General Budgeting & Everyday Math,Misc / Everyday,Early Settlement Calculator,early-settlement,False
General Budgeting & Everyday Math,Misc / Everyday,Earned Premium Calculator,earned-premium,False
General Budgeting & Everyday Math,Misc / Everyday,Earnest Money Calculator,earnest-money,False
General Budgeting & Everyday Math,Misc / Everyday,Earning Per Share Calculator,earning-per-share,False
General Budgeting & Everyday Math,Misc / Everyday,Earnings Multiple Calculator,earnings-multiple,False
General Budgeting & Everyday Math,Misc / Everyday,Economic Batch Size Calculator,economic-batch-size,False
General Budgeting & Everyday Math,Misc / Everyday,Economic Equilibrium Calculator,economic-equilibrium,False
General Budgeting & Everyday Math,Misc / Everyday,Economic Growth Calculator,economic-growth,False
General Budgeting & Everyday Math,Misc / Everyday,Economic Impact Calculator,economic-impact,False
General Budgeting & Everyday Math,Misc / Everyday,Economic Loss Calculator,economic-loss,False
General Budgeting & Everyday Math,Misc / Everyday,Economic Lot Size Calculator,economic-lot-size,False
General Budgeting & Everyday Math,Misc / Everyday,Economic Midpoint Formula Calculator,economic-midpoint-formula,False
General Budgeting & Everyday Math,Misc / Everyday,Economic Occupancy Calculator,economic-occupancy,False
General Budgeting & Everyday Math,Misc / Everyday,Economic Profit Calculator,economic-profit,False
General Budgeting & Everyday Math,Misc / Everyday,Editing Rate Calculator,editing-rate,False
General Budgeting & Everyday Math,Misc / Everyday,Effective Annual Yield Calculator,effective-annual-yield,False
General Budgeting & Everyday Math,Misc / Everyday,Effective Labor Rate Calculator,effective-labor-rate,False
General Budgeting & Everyday Math,Misc / Everyday,Effective Ownership Calculator,effective-ownership,False
General Budgeting & Everyday Math,Misc / Everyday,Efn (External Funding Needed) Calculator,efn-external-funding-needed,False
General Budgeting & Everyday Math,Misc / Everyday,Eichleay Formula Calculator,eichleay-formula,False
General Budgeting & Everyday Math,Misc / Everyday,Electric Panel Cost Calculator,electric-panel-cost,False
General Budgeting & Everyday Math,Misc / Everyday,Electrical Appliance Cost Calculator,electrical-appliance-cost,False
General Budgeting & Everyday Math,Misc / Everyday,Electricity Rate Calculator,electricity-rate,False
General Budgeting & Everyday Math,Misc / Everyday,Emergency Fund CalculatorConsulting Fees Calculator,emergency-fund-calculatorconsulting-fees,False
General Budgeting & Everyday Math,Misc / Everyday,Employee Buyout Calculator,employee-buyout,False
General Budgeting & Everyday Math,Misc / Everyday,Employer Burden Calculator,employer-burden,False
General Budgeting & Everyday Math,Misc / Everyday,Employment Participation Rate Calculator,employment-participation-rate,False
General Budgeting & Everyday Math,Misc / Everyday,Employment Rate Calculator,employment-rate,False
General Budgeting & Everyday Math,Misc / Everyday,Employment Settlement Calculator,employment-settlement,False
General Budgeting & Everyday Math,Misc / Everyday,Ending Balance Calculator,ending-balance,False
General Budgeting & Everyday Math,Misc / Everyday,Ending Equity Calculator,ending-equity,False
General Budgeting & Everyday Math,Misc / Everyday,Ending inventory Calculator,ending-inventory,False
General Budgeting & Everyday Math,Misc / Everyday,Energy Performance Index Calculator,energy-performance-index,False
General Budgeting & Everyday Math,Misc / Everyday,Enrollment Rate Calculator,enrollment-rate,False
General Budgeting & Everyday Math,Misc / Everyday,Environmental Fee Calculator,environmental-fee,False
General Budgeting & Everyday Math,Misc / Everyday,Equated Daily Installment Calculator,equated-daily-installment,False
General Budgeting & Everyday Math,Misc / Everyday,Equipment Operating Cost Calculator,equipment-operating-cost,False
General Budgeting & Everyday Math,Misc / Everyday,Equitable Distribution Calculator,equitable-distribution,False
General Budgeting & Everyday Math,Misc / Everyday,Equity Dilution Calculator,equity-dilution,False
General Budgeting & Everyday Math,Misc / Everyday,Equity Growth Calculator,equity-growth,False
General Budgeting & Everyday Math,Misc / Everyday,Equity Multiple Calculator,equity-multiple,False
General Budgeting & Everyday Math,Misc / Everyday,Equity Over Time Calculator,equity-over-time,False
General Budgeting & Everyday Math,Misc / Everyday,Equity Percentage Calculator,equity-percentage,False
General Budgeting & Everyday Math,Misc / Everyday,Equity Risk Premium Calculator,equity-risk-premium,False
General Budgeting & Everyday Math,Misc / Everyday,Equity Stake Calculator,equity-stake,False
General Budgeting & Everyday Math,Misc / Everyday,Equity Weight Calculator,equity-weight,False
General Budgeting & Everyday Math,Misc / Everyday,Estimate To Complete Calculator,estimate-to-complete,False
General Budgeting & Everyday Math,Misc / Everyday,Evolution Index Calculator,evolution-index,False
General Budgeting & Everyday Math,Misc / Everyday,Excess Contribution Calculator,excess-contribution,False
General Budgeting & Everyday Math,Misc / Everyday,Excess Mileage Calculator,excess-mileage,False
General Budgeting & Everyday Math,Misc / Everyday,Excess Reserves Calculator,excess-reserves,False
General Budgeting & Everyday Math,Misc / Everyday,Excess Wage Calculator,excess-wage,False
General Budgeting & Everyday Math,Misc / Everyday,Execution Percentage Calculator,execution-percentage,False
General Budgeting & Everyday Math,Misc / Everyday,Executor Fee Calculator,executor-fee,False
General Budgeting & Everyday Math,Misc / Everyday,Exodus Fee Calculator,exodus-fee,False
General Budgeting & Everyday Math,Misc / Everyday,Expected Default Frequency (EDF) Calculator,expected-default-frequency-edf,False
General Budgeting & Everyday Math,Misc / Everyday,Expected Opportunity Loss Calculator,expected-opportunity-loss,False
General Budgeting & Everyday Math,Misc / Everyday,Expected Shortfall Calculator,expected-shortfall,False
General Budgeting & Everyday Math,Misc / Everyday,Expected Utility Calculator,expected-utility,False
General Budgeting & Everyday Math,Misc / Everyday,Expense Percentage Calculator,expense-percentage,False
General Budgeting & Everyday Math,Misc / Everyday,Extra Principal Payment Calculator,extra-principal-payment,False
General Budgeting & Everyday Math,Misc / Everyday,False Ceiling (POP Ceiling) Cost Calculator,false-ceiling-pop-ceiling-cost,False
General Budgeting & Everyday Math,Misc / Everyday,Fill Rate Calculator,fill-rate,False
General Budgeting & Everyday Math,Misc / Everyday,Financing Cost Calculator,financing-cost,False
General Budgeting & Everyday Math,Misc / Everyday,Finder’s Fee Calculator,finder-s-fee,False
General Budgeting & Everyday Math,Misc / Everyday,Fire Occupancy Calculator,fire-occupancy,False
General Budgeting & Everyday Math,Misc / Everyday,First Payment Date Calculator,first-payment-date,False
General Budgeting & Everyday Math,Misc / Everyday,Fixed Cost Calculator,fixed-cost,False
General Budgeting & Everyday Math,Misc / Everyday,Flipkart Commission Calculator,flipkart-commission,False
General Budgeting & Everyday Math,Misc / Everyday,Fold Equity Calculator,fold-equity,False
General Budgeting & Everyday Math,Misc / Everyday,Food Budget Calculator,food-budget,False
General Budgeting & Everyday Math,Misc / Everyday,Food Cost Percentage Calculator,food-cost-percentage,False
General Budgeting & Everyday Math,Misc / Everyday,Food Delivery Charge Calculator,food-delivery-charge,False
General Budgeting & Everyday Math,Misc / Everyday,Food Markup Calculator,food-markup,False
General Budgeting & Everyday Math,Misc / Everyday,Forecast Variance Calculator,forecast-variance,False
General Budgeting & Everyday Math,Misc / Everyday,Forward Due Date Calculator,forward-due-date,False
General Budgeting & Everyday Math,Misc / Everyday,Forward Premium Calculator,forward-premium,False
General Budgeting & Everyday Math,Misc / Everyday,Forward Rate Calculator,forward-rate,False
General Budgeting & Everyday Math,Misc / Everyday,Fractional Stock Profit Calculator,fractional-stock-profit,False
General Budgeting & Everyday Math,Misc / Everyday,Freelance Rate Calculator,freelance-rate,False
General Budgeting & Everyday Math,Misc / Everyday,Fully Burdened Labor Rate Calculator,fully-burdened-labor-rate,False
General Budgeting & Everyday Math,Misc / Everyday,Fully Loaded Labor Rate Calculator,fully-loaded-labor-rate,False
General Budgeting & Everyday Math,Misc / Everyday,G&A Rate Calculator,g-a-rate,False
General Budgeting & Everyday Math,Misc / Everyday,GCI Calculator,gci,False
General Budgeting & Everyday Math,Misc / Everyday,Gambling Return Calculator,gambling-return,False
General Budgeting & Everyday Math,Misc / Everyday,Game Server Cost Calculator,game-server-cost,False
General Budgeting & Everyday Math,Misc / Everyday,Gender Wage Gap Calculator,gender-wage-gap,False
General Budgeting & Everyday Math,Misc / Everyday,Glass Price Calculator,glass-price,False
General Budgeting & Everyday Math,Misc / Everyday,Goal Date Calculator,goal-date,False
General Budgeting & Everyday Math,Misc / Everyday,Goat Farm Profit Calculator,goat-farm-profit,False
General Budgeting & Everyday Math,Misc / Everyday,Gold Lot Size Calculator,gold-lot-size,False
General Budgeting & Everyday Math,Misc / Everyday,Gold Weight Calculator,gold-weight,False
General Budgeting & Everyday Math,Misc / Everyday,Golf Payout Calculator,golf-payout,False
General Budgeting & Everyday Math,Misc / Everyday,Goodwill Calculator,goodwill,False
General Budgeting & Everyday Math,Misc / Everyday,Grams To Dollars Calculator,grams-to-dollars,False
General Budgeting & Everyday Math,Misc / Everyday,Gratuity Years Calculator,gratuity-years,False
General Budgeting & Everyday Math,Misc / Everyday,Gross Distribution Calculator,gross-distribution,False
General Budgeting & Everyday Math,Misc / Everyday,Gross Premium Calculator,gross-premium,False
General Budgeting & Everyday Math,Misc / Everyday,Gross Profit Rate Calculator,gross-profit-rate,False
General Budgeting & Everyday Math,Misc / Everyday,Gross to net Calculator,gross-to-net,False
General Budgeting & Everyday Math,Misc / Everyday,Group Rate Calculator,group-rate,False
General Budgeting & Everyday Math,Misc / Everyday,Growth Rate Calculator,growth-rate,False
General Budgeting & Everyday Math,Misc / Everyday,Guideline Premium Test Calculator,guideline-premium-test,False
General Budgeting & Everyday Math,Misc / Everyday,Gym Occupancy Calculator,gym-occupancy,False
General Budgeting & Everyday Math,Misc / Everyday,Half Dollars to Dollars Calculator,half-dollars-to-dollars,False
General Budgeting & Everyday Math,Misc / Everyday,Hard Money Calculator,hard-money,False
General Budgeting & Everyday Math,Misc / Everyday,Harrod-Domar Equation Calculator,harrod-domar-equation,False
General Budgeting & Everyday Math,Misc / Everyday,Hedge Effectiveness Calculator,hedge-effectiveness,False
General Budgeting & Everyday Math,Misc / Everyday,Helium Cost Calculator,helium-cost,False
General Budgeting & Everyday Math,Misc / Everyday,High Yield Savings Account Calculator,high-yield-savings-account,False
General Budgeting & Everyday Math,Misc / Everyday,Horizontal Analysis Calculator,horizontal-analysis,False
General Budgeting & Everyday Math,Misc / Everyday,Horsepower Per Dollar Calculator,horsepower-per-dollar,False
General Budgeting & Everyday Math,Misc / Everyday,Hot Shot Rate Calculator,hot-shot-rate,False
General Budgeting & Everyday Math,Misc / Everyday,Hours Per Dollar Calculator,hours-per-dollar,False
General Budgeting & Everyday Math,Misc / Everyday,Hours To Money Calculator,hours-to-money,False
General Budgeting & Everyday Math,Misc / Everyday,How Long Will My Money Last Calculator,how-long-will-my-money-last,False
General Budgeting & Everyday Math,Misc / Everyday,Hunting Lease Calculator,hunting-lease,False
General Budgeting & Everyday Math,Misc / Everyday,Hurst Coefficient Calculator,hurst-coefficient,False
General Budgeting & Everyday Math,Misc / Everyday,IPM (Installs Per Mille) Calculator,ipm-installs-per-mille,False
General Budgeting & Everyday Math,Misc / Everyday,Implied Growth Rate Calculator,implied-growth-rate,False
General Budgeting & Everyday Math,Misc / Everyday,Implied Probability Calculator,implied-probability,False
General Budgeting & Everyday Math,Misc / Everyday,Implied Utilization Calculator,implied-utilization,False
General Budgeting & Everyday Math,Misc / Everyday,Inclusive Price Calculator,inclusive-price,False
General Budgeting & Everyday Math,Misc / Everyday,Income Effect Calculator,income-effect,False
General Budgeting & Everyday Math,Misc / Everyday,Income Elasticity of Demand Calculator,income-elasticity-of-demand,False
General Budgeting & Everyday Math,Misc / Everyday,Income Expense Percentage Calculator,income-expense-percentage,False
General Budgeting & Everyday Math,Misc / Everyday,Income Percentile Calculator,income-percentile,False
General Budgeting & Everyday Math,Misc / Everyday,Income Statement Calculator,income-statement,False
General Budgeting & Everyday Math,Misc / Everyday,Income Variance Calculator,income-variance,False
General Budgeting & Everyday Math,Misc / Everyday,Incremental Sales Lift Calculator,incremental-sales-lift,False
General Budgeting & Everyday Math,Misc / Everyday,Index Lot Size Calculator,index-lot-size,False
General Budgeting & Everyday Math,Misc / Everyday,Indirect Cost Rate Calculator,indirect-cost-rate,False
General Budgeting & Everyday Math,Misc / Everyday,Indirect Costs Calculator,indirect-costs,False
General Budgeting & Everyday Math,Misc / Everyday,Inheritance Buyout Calculator,inheritance-buyout,False
General Budgeting & Everyday Math,Misc / Everyday,Inheritance Calculator,inheritance,False
General Budgeting & Everyday Math,Misc / Everyday,Insolvency Calculator,insolvency,False
General Budgeting & Everyday Math,Misc / Everyday,Insurance Commission Calculator,insurance-commission,False
General Budgeting & Everyday Math,Misc / Everyday,Insurance Rate Of Return Calculator,insurance-rate-of-return,False
General Budgeting & Everyday Math,Misc / Everyday,Insurance Return Premium Calculator,insurance-return-premium,False
General Budgeting & Everyday Math,Misc / Everyday,Internal Equity Calculator,internal-equity,False
General Budgeting & Everyday Math,Misc / Everyday,Internal Markup Calculator,internal-markup,False
General Budgeting & Everyday Math,Misc / Everyday,Internal Return Rate Calculator,internal-return-rate,False
General Budgeting & Everyday Math,Misc / Everyday,Inventory Difference Calculator,inventory-difference,False
General Budgeting & Everyday Math,Misc / Everyday,Inventory Months On Hand Calculator,inventory-months-on-hand,False
General Budgeting & Everyday Math,Misc / Everyday,Inventory Sample Size Calculator,inventory-sample-size,False
General Budgeting & Everyday Math,Misc / Everyday,Inventory Shrinkage Percent Calculator,inventory-shrinkage-percent,False
General Budgeting & Everyday Math,Misc / Everyday,Inventory Variance Calculator,inventory-variance,False
General Budgeting & Everyday Math,Misc / Everyday,Inverse Points Calculator,inverse-points,False
General Budgeting & Everyday Math,Misc / Everyday,Investment Depreciation Calculator,investment-depreciation,False
General Budgeting & Everyday Math,Misc / Everyday,Juice Price Calculator,juice-price,False
General Budgeting & Everyday Math,Misc / Everyday,KPI (customer satisfaction) Calculator,kpi-customer-satisfaction,False
General Budgeting & Everyday Math,Misc / Everyday,Kelly Formula Calculator,kelly-formula,False
General Budgeting & Everyday Math,Misc / Everyday,Label Cost Calculator,label-cost,False
General Budgeting & Everyday Math,Misc / Everyday,Labor Burden Calculator,labor-burden,False
General Budgeting & Everyday Math,Misc / Everyday,Labor Efficiency Variance Calculator,labor-efficiency-variance,False
General Budgeting & Everyday Math,Misc / Everyday,Labor Force Participation Rate Calculator,labor-force-participation-rate,False
General Budgeting & Everyday Math,Misc / Everyday,Labor Percentage Calculator,labor-percentage,False
General Budgeting & Everyday Math,Misc / Everyday,Labor Productivity Calculator,labor-productivity,False
General Budgeting & Everyday Math,Misc / Everyday,Labor Rate Variance Calculator,labor-rate-variance,False
General Budgeting & Everyday Math,Misc / Everyday,Labor Utilization Calculator,labor-utilization,False
General Budgeting & Everyday Math,Misc / Everyday,Laboratory Productivity Calculator,laboratory-productivity,False
General Budgeting & Everyday Math,Misc / Everyday,Land Equity Calculator,land-equity,False
General Budgeting & Everyday Math,Misc / Everyday,Laser Hair Removal Cost Calculator,laser-hair-removal-cost,False
General Budgeting & Everyday Math,Misc / Everyday,Late Fee Calculator,late-fee,False
General Budgeting & Everyday Math,Misc / Everyday,Laundry Cost Calculator,laundry-cost,False
General Budgeting & Everyday Math,Misc / Everyday,Law of Demand Calculator,law-of-demand,False
General Budgeting & Everyday Math,Misc / Everyday,Lawn Care Profit Calculator,lawn-care-profit,False
General Budgeting & Everyday Math,Misc / Everyday,Layoff Pay Calculator,layoff-pay,False
General Budgeting & Everyday Math,Misc / Everyday,Lean-To Cost Calculator,lean-to-cost,False
General Budgeting & Everyday Math,Misc / Everyday,Lease Adjusted Leverage Calculator,lease-adjusted-leverage,False
General Budgeting & Everyday Math,Misc / Everyday,Lease Date Calculator,lease-date,False
General Budgeting & Everyday Math,Misc / Everyday,Lease Discount Rate Calculator,lease-discount-rate,False
General Budgeting & Everyday Math,Misc / Everyday,Lease Escalation Calculator,lease-escalation,False
General Budgeting & Everyday Math,Misc / Everyday,Lease Expiration Date Calculator,lease-expiration-date,False
General Budgeting & Everyday Math,Misc / Everyday,Lease Factor Calculator,lease-factor,False
General Budgeting & Everyday Math,Misc / Everyday,Lease Fee Calculator,lease-fee,False
General Budgeting & Everyday Math,Misc / Everyday,Lease Penalty Calculator,lease-penalty,False
General Budgeting & Everyday Math,Misc / Everyday,Lease Percentage Calculator,lease-percentage,False
General Budgeting & Everyday Math,Misc / Everyday,Lease Receivable Calculator,lease-receivable,False
General Budgeting & Everyday Math,Misc / Everyday,Lease Renewal Calculator,lease-renewal,False
General Budgeting & Everyday Math,Misc / Everyday,Lease Takeover Calculator,lease-takeover,False
General Budgeting & Everyday Math,Misc / Everyday,Lease Termination Date Calculator,lease-termination-date,False
General Budgeting & Everyday Math,Misc / Everyday,Lease-to-Own Calculator,lease-to-own,False
General Budgeting & Everyday Math,Misc / Everyday,Lendable Equity Calculator,lendable-equity,False
General Budgeting & Everyday Math,Misc / Everyday,Lender Fee Calculator,lender-fee,False
General Budgeting & Everyday Math,Misc / Everyday,Leverage Liquidation Calculator,leverage-liquidation,False
General Budgeting & Everyday Math,Misc / Everyday,Leverage Loss Calculator,leverage-loss,False
General Budgeting & Everyday Math,Misc / Everyday,Leverage Lot Size Calculator,leverage-lot-size,False
General Budgeting & Everyday Math,Misc / Everyday,Leverage Percentage Calculator,leverage-percentage,False
General Budgeting & Everyday Math,Misc / Everyday,Leverage Return Calculator,leverage-return,False
General Budgeting & Everyday Math,Misc / Everyday,Leveraged Returns Calculator,leveraged-returns,False
General Budgeting & Everyday Math,Misc / Everyday,Levered Beta Calculator,levered-beta,False
General Budgeting & Everyday Math,Misc / Everyday,Libor Rate Calculator,libor-rate,False
General Budgeting & Everyday Math,Misc / Everyday,Lift Rate Calculator,lift-rate,False
General Budgeting & Everyday Math,Misc / Everyday,Linear Depreciation Calculator,linear-depreciation,False
General Budgeting & Everyday Math,Misc / Everyday,Link Margin Calculator,link-margin,False
General Budgeting & Everyday Math,Misc / Everyday,Liquor Cost Percentage Calculator,liquor-cost-percentage,False
General Budgeting & Everyday Math,Misc / Everyday,Little’s Law Calculator,little-s-law,False
General Budgeting & Everyday Math,Misc / Everyday,Live Off Dividends Calculator,live-off-dividends,False
General Budgeting & Everyday Math,Misc / Everyday,Load Rate Calculator,load-rate,False
General Budgeting & Everyday Math,Misc / Everyday,Loaded Labor Rate Calculator,loaded-labor-rate,False
General Budgeting & Everyday Math,Misc / Everyday,Lost Earnings Calculator,lost-earnings,False
General Budgeting & Everyday Math,Misc / Everyday,Lost Productivity Calculator,lost-productivity,False
General Budgeting & Everyday Math,Misc / Everyday,Lost Profits Calculator,lost-profits,False
General Budgeting & Everyday Math,Misc / Everyday,Lost Time Incident Rate Calculator,lost-time-incident-rate,False
General Budgeting & Everyday Math,Misc / Everyday,Lot Coverage Calculator,lot-coverage,False
General Budgeting & Everyday Math,Misc / Everyday,Lot Size Risk Calculator,lot-size-risk,False
General Budgeting & Everyday Math,Misc / Everyday,Ltd Premium Calculator,ltd-premium,False
General Budgeting & Everyday Math,Misc / Everyday,Lump Sum Merit Increase Calculator,lump-sum-merit-increase,False
General Budgeting & Everyday Math,Misc / Everyday,M To Normality Calculator,m-to-normality,False
General Budgeting & Everyday Math,Misc / Everyday,MICRA Fee Calculator,micra-fee,False
General Budgeting & Everyday Math,Misc / Everyday,MPC Calculator,mpc,False
General Budgeting & Everyday Math,Misc / Everyday,MPR Calculator,mpr,False
General Budgeting & Everyday Math,Misc / Everyday,MPS Calculator,mps,False
General Budgeting & Everyday Math,Misc / Everyday,Machine Burden Rate Calculator,machine-burden-rate,False
General Budgeting & Everyday Math,Misc / Everyday,Maintenance Fee Calculator,maintenance-fee,False
General Budgeting & Everyday Math,Misc / Everyday,Maintenance Margin Calculator,maintenance-margin,False
General Budgeting & Everyday Math,Misc / Everyday,Management Buyout Calculator,management-buyout,False
General Budgeting & Everyday Math,Misc / Everyday,Management Fee Calculator,management-fee,False
General Budgeting & Everyday Math,Misc / Everyday,Manufacturing ROI Calculator,manufacturing-roi,False
General Budgeting & Everyday Math,Misc / Everyday,Margin Calculator,margin,False
General Budgeting & Everyday Math,Misc / Everyday,Marginal Benefit Calculator,marginal-benefit,False
General Budgeting & Everyday Math,Misc / Everyday,Marginal Cost Calculator,marginal-cost,False
General Budgeting & Everyday Math,Misc / Everyday,Marginal Product Calculator,marginal-product,False
General Budgeting & Everyday Math,Misc / Everyday,Marginal Product of Capital Calculator,marginal-product-of-capital,False
General Budgeting & Everyday Math,Misc / Everyday,Marginal Product of Labor Calculator,marginal-product-of-labor,False
General Budgeting & Everyday Math,Misc / Everyday,Marginal Rate of Substitution Calculator,marginal-rate-of-substitution,False
General Budgeting & Everyday Math,Misc / Everyday,Marginal Revenue Calculator,marginal-revenue,False
General Budgeting & Everyday Math,Misc / Everyday,Marginal Revenue Product (MRP) Calculator,marginal-revenue-product-mrp,False
General Budgeting & Everyday Math,Misc / Everyday,Marginal Utility Calculator,marginal-utility,False
General Budgeting & Everyday Math,Misc / Everyday,Marginal Utility Per Dollar Calculator,marginal-utility-per-dollar,False
General Budgeting & Everyday Math,Misc / Everyday,Markdown Calculator,markdown,False
General Budgeting & Everyday Math,Misc / Everyday,Market Adjustment Raise Calculator,market-adjustment-raise,False
General Budgeting & Everyday Math,Misc / Everyday,Market Capitalization Calculator,market-capitalization,False
General Budgeting & Everyday Math,Misc / Everyday,Market Days Calculator,market-days,False
General Budgeting & Everyday Math,Misc / Everyday,Marketing Budget Calculator,marketing-budget,False
General Budgeting & Everyday Math,Misc / Everyday,Markup Calculator,markup,False
General Budgeting & Everyday Math,Misc / Everyday,Markup Fee Calculator,markup-fee,False
General Budgeting & Everyday Math,Misc / Everyday,Markup to Margin Calculator,markup-to-margin,False
General Budgeting & Everyday Math,Misc / Everyday,Material Yield Variance Calculator,material-yield-variance,False
General Budgeting & Everyday Math,Misc / Everyday,Materiality Calculator,materiality,False
General Budgeting & Everyday Math,Misc / Everyday,Max Occupancy Calculator,max-occupancy,False
General Budgeting & Everyday Math,Misc / Everyday,Max Profit Calculator,max-profit,False
General Budgeting & Everyday Math,Misc / Everyday,Maximum Inventory Level Calculator,maximum-inventory-level,False
General Budgeting & Everyday Math,Misc / Everyday,Maximum Revenue Calculator,maximum-revenue,False
General Budgeting & Everyday Math,Misc / Everyday,Maximum Utility Calculator,maximum-utility,False
General Budgeting & Everyday Math,Misc / Everyday,Meal Prep Cost Calculator,meal-prep-cost,False
General Budgeting & Everyday Math,Misc / Everyday,Member Months Calculator,member-months,False
General Budgeting & Everyday Math,Misc / Everyday,Merit Increase Percentage Calculator,merit-increase-percentage,False
General Budgeting & Everyday Math,Misc / Everyday,Miles To Cash Calculator,miles-to-cash,False
General Budgeting & Everyday Math,Misc / Everyday,Minutes To Money Calculator,minutes-to-money,False
General Budgeting & Everyday Math,Misc / Everyday,Mirror Cost Calculator,mirror-cost,False
General Budgeting & Everyday Math,Misc / Everyday,Money Add Calculator,money-add,False
General Budgeting & Everyday Math,Misc / Everyday,Money Addition Calculator,money-addition,False
General Budgeting & Everyday Math,Misc / Everyday,Money Allocation Calculator,money-allocation,False
General Budgeting & Everyday Math,Misc / Everyday,Money Division Calculator,money-division,False
General Budgeting & Everyday Math,Misc / Everyday,Money Factor Calculator,money-factor,False
General Budgeting & Everyday Math,Misc / Everyday,Money Goal Calculator,money-goal,False
General Budgeting & Everyday Math,Misc / Everyday,Money Market Calculator,money-market,False
General Budgeting & Everyday Math,Misc / Everyday,Money Per Second Calculator,money-per-second,False
General Budgeting & Everyday Math,Misc / Everyday,Money Weighted Return Calculator,money-weighted-return,False
General Budgeting & Everyday Math,Misc / Everyday,Monthly Churn To Annual Churn Calculator,monthly-churn-to-annual-churn,False
General Budgeting & Everyday Math,Misc / Everyday,Monthly Distribution Calculator,monthly-distribution,False
General Budgeting & Everyday Math,Misc / Everyday,Monthly Principal Calculator,monthly-principal,False
General Budgeting & Everyday Math,Misc / Everyday,Monthly Sales Pace Calculator,monthly-sales-pace,False
General Budgeting & Everyday Math,Misc / Everyday,Monthly Subscription Revenue Calculator,monthly-subscription-revenue,False
General Budgeting & Everyday Math,Misc / Everyday,Monthly Surplus Or Deficit Calculator,monthly-surplus-or-deficit,False
General Budgeting & Everyday Math,Misc / Everyday,Months Of Stock Calculator,months-of-stock,False
General Budgeting & Everyday Math,Misc / Everyday,Months Of Supply Calculator,months-of-supply,False
General Budgeting & Everyday Math,Misc / Everyday,Movie Profit Calculator,movie-profit,False
General Budgeting & Everyday Math,Misc / Everyday,Multifactor Productivity Calculator,multifactor-productivity,False
General Budgeting & Everyday Math,Misc / Everyday,Mural Cost Calculator,mural-cost,False
General Budgeting & Everyday Math,Misc / Everyday,Nanny Holiday Pay Calculator,nanny-holiday-pay,False
General Budgeting & Everyday Math,Misc / Everyday,National Savings Calculator,national-savings,False
General Budgeting & Everyday Math,Misc / Everyday,Ncp Days Calculator,ncp-days,False
General Budgeting & Everyday Math,Misc / Everyday,Negative Margin Calculator,negative-margin,False
General Budgeting & Everyday Math,Misc / Everyday,Net 60 Days Calculator,net-60-days,False
General Budgeting & Everyday Math,Misc / Everyday,Net 75 Calculator,net-75,False
General Budgeting & Everyday Math,Misc / Everyday,Net Capital Spending Calculator,net-capital-spending,False
General Budgeting & Everyday Math,Misc / Everyday,Net Cash Flow Calculator,net-cash-flow,False
General Budgeting & Everyday Math,Misc / Everyday,Net Change Calculator,net-change,False
General Budgeting & Everyday Math,Misc / Everyday,Net Collection Rate Calculator,net-collection-rate,False
General Budgeting & Everyday Math,Misc / Everyday,Net Cost Of Insurance Calculator,net-cost-of-insurance,False
General Budgeting & Everyday Math,Misc / Everyday,Net Distribution Calculator,net-distribution,False
General Budgeting & Everyday Math,Misc / Everyday,Net Exports Calculator,net-exports,False
General Budgeting & Everyday Math,Misc / Everyday,Net Fixed Assets Calculator,net-fixed-assets,False
General Budgeting & Everyday Math,Misc / Everyday,Net Lay Calculator,net-lay,False
General Budgeting & Everyday Math,Misc / Everyday,Net Leasable Area Calculator,net-leasable-area,False
General Budgeting & Everyday Math,Misc / Everyday,Net Loss Calculator,net-loss,False
General Budgeting & Everyday Math,Misc / Everyday,Net Of Commission Calculator,net-of-commission,False
General Budgeting & Everyday Math,Misc / Everyday,Net Operatng Loss Carryforward Calculator,net-operatng-loss-carryforward,False
General Budgeting & Everyday Math,Misc / Everyday,Net Percentage Calculator (Net/Gross Income),net-percentage-net-gross-income,False
General Budgeting & Everyday Math,Misc / Everyday,Net Premium Calculator,net-premium,False
General Budgeting & Everyday Math,Misc / Everyday,Net Price Factor Calculator,net-price-factor,False
General Budgeting & Everyday Math,Misc / Everyday,Net Profit Calculator,net-profit,False
General Budgeting & Everyday Math,Misc / Everyday,Net Profit Margin Calculator,net-profit-margin,False
General Budgeting & Everyday Math,Misc / Everyday,Net Rate Of Return Calculator,net-rate-of-return,False
General Budgeting & Everyday Math,Misc / Everyday,Net Requirements Calculator,net-requirements,False
General Budgeting & Everyday Math,Misc / Everyday,Net Sales Revenue Calculator,net-sales-revenue,False
General Budgeting & Everyday Math,Misc / Everyday,Net Single Premium Calculator,net-single-premium,False
General Budgeting & Everyday Math,Misc / Everyday,Net Worth Calculator,net-worth,False
General Budgeting & Everyday Math,Misc / Everyday,Net Worth Increase Calculator,net-worth-increase,False
General Budgeting & Everyday Math,Misc / Everyday,Net Yield Calculator,net-yield,False
General Budgeting & Everyday Math,Misc / Everyday,Nickels to Dimes Calculator,nickels-to-dimes,False
General Budgeting & Everyday Math,Misc / Everyday,Nickels to Dollars Calculator,nickels-to-dollars,False
General Budgeting & Everyday Math,Misc / Everyday,Nickels to Half Dollars Calculator,nickels-to-half-dollars,False
General Budgeting & Everyday Math,Misc / Everyday,Nickels to Quarters Calculator,nickels-to-quarters,False
General Budgeting & Everyday Math,Misc / Everyday,Non-Productive Hours Calculator,non-productive-hours,False
General Budgeting & Everyday Math,Misc / Everyday,Npl Percentage Calculator,npl-percentage,False
General Budgeting & Everyday Math,Misc / Everyday,OCF (Operating Cash Flow) Calculator,ocf-operating-cash-flow,False
General Budgeting & Everyday Math,Misc / Everyday,OTE Calculator,ote,False
General Budgeting & Everyday Math,Misc / Everyday,OTS (Opportunity-to-See) Calculator,ots-opportunity-to-see,False
General Budgeting & Everyday Math,Misc / Everyday,Occupancy Cost Calculator,occupancy-cost,False
General Budgeting & Everyday Math,Misc / Everyday,Occupancy Index Calculator,occupancy-index,False
General Budgeting & Everyday Math,Misc / Everyday,Occupancy Limit Calculator,occupancy-limit,False
General Budgeting & Everyday Math,Misc / Everyday,Occupancy Load Calculator,occupancy-load,False
General Budgeting & Everyday Math,Misc / Everyday,Occupancy Load Factor Calculator,occupancy-load-factor,False
General Budgeting & Everyday Math,Misc / Everyday,Occupancy Percentage Calculator,occupancy-percentage,False
General Budgeting & Everyday Math,Misc / Everyday,Occupancy Rate Index Calculator,occupancy-rate-index,False
General Budgeting & Everyday Math,Misc / Everyday,Offer Percentage Calculator,offer-percentage,False
General Budgeting & Everyday Math,Misc / Everyday,Offer Up Fee Calculator,offer-up-fee,False
General Budgeting & Everyday Math,Misc / Everyday,Offerup Fee Calculator,offerup-fee,False
General Budgeting & Everyday Math,Misc / Everyday,Online Course Price Calculator,online-course-price,False
General Budgeting & Everyday Math,Misc / Everyday,Operating Cash Cycle Calculator,operating-cash-cycle,False
General Budgeting & Everyday Math,Misc / Everyday,Operating Cost Calculator,operating-cost,False
General Budgeting & Everyday Math,Misc / Everyday,Operating Expense Calculator,operating-expense,False
General Budgeting & Everyday Math,Misc / Everyday,Operating Expense Gross Up Calculator,operating-expense-gross-up,False
General Budgeting & Everyday Math,Misc / Everyday,Operating Income Calculator,operating-income,False
General Budgeting & Everyday Math,Misc / Everyday,Operating Lease Calculator,operating-lease,False
General Budgeting & Everyday Math,Misc / Everyday,Optimal Price Calculator,optimal-price,False
General Budgeting & Everyday Math,Misc / Everyday,Optimal Stock Level Calculator,optimal-stock-level,False
General Budgeting & Everyday Math,Misc / Everyday,Original Price Calculator,original-price,False
General Budgeting & Everyday Math,Misc / Everyday,Origination Fee Calculator,origination-fee,False
General Budgeting & Everyday Math,Misc / Everyday,Ounces Per Dollar Calculator,ounces-per-dollar,False
General Budgeting & Everyday Math,Misc / Everyday,Output Effect Calculator,output-effect,False
General Budgeting & Everyday Math,Misc / Everyday,Overdraft Fee Calculator,overdraft-fee,False
General Budgeting & Everyday Math,Misc / Everyday,Overdue Percentage Calculator,overdue-percentage,False
General Budgeting & Everyday Math,Misc / Everyday,Overflight Fees Calculator,overflight-fees,False
General Budgeting & Everyday Math,Misc / Everyday,Overnight Fee Calculator,overnight-fee,False
General Budgeting & Everyday Math,Misc / Everyday,Oversize Permit Cost Calculator,oversize-permit-cost,False
General Budgeting & Everyday Math,Misc / Everyday,Owner’s Equity Calculator,owner-s-equity,False
General Budgeting & Everyday Math,Misc / Everyday,PES Calculator,pes,False
General Budgeting & Everyday Math,Misc / Everyday,PPF Calculator,ppf,False
General Budgeting & Everyday Math,Misc / Everyday,PVIFA Calculator,pvifa,False
General Budgeting & Everyday Math,Misc / Everyday,Pacing to Goal Calculator,pacing-to-goal,False
General Budgeting & Everyday Math,Misc / Everyday,Pallet Cost Calculator,pallet-cost,False
General Budgeting & Everyday Math,Misc / Everyday,Parking Fee Calculator,parking-fee,False
General Budgeting & Everyday Math,Misc / Everyday,Parking Revenue Calculator,parking-revenue,False
General Budgeting & Everyday Math,Misc / Everyday,Part Cost Calculator,part-cost,False
General Budgeting & Everyday Math,Misc / Everyday,Part Time Income Calculator,part-time-income,False
General Budgeting & Everyday Math,Misc / Everyday,Partial Cash Out Calculator,partial-cash-out,False
General Budgeting & Everyday Math,Misc / Everyday,Parts Markup Calculator,parts-markup,False
General Budgeting & Everyday Math,Misc / Everyday,Pavilion Cost Calculator,pavilion-cost,False
General Budgeting & Everyday Math,Misc / Everyday,Pawn Shop Offer Calculator,pawn-shop-offer,False
General Budgeting & Everyday Math,Misc / Everyday,Pay Per Mile Calculator,pay-per-mile,False
General Budgeting & Everyday Math,Misc / Everyday,Pay Raise Calculator,pay-raise,False
General Budgeting & Everyday Math,Misc / Everyday,Payment Factor Calculator,payment-factor,False
General Budgeting & Everyday Math,Misc / Everyday,Pence Per Minute Calculator,pence-per-minute,False
General Budgeting & Everyday Math,Misc / Everyday,Pennies To Dollars Calculator,pennies-to-dollars,False
General Budgeting & Everyday Math,Misc / Everyday,Pennies to Dimes Calculator,pennies-to-dimes,False
General Budgeting & Everyday Math,Misc / Everyday,Pennies to Half Dollars Calculator,pennies-to-half-dollars,False
General Budgeting & Everyday Math,Misc / Everyday,Pennies to Nickels Calculator,pennies-to-nickels,False
General Budgeting & Everyday Math,Misc / Everyday,Pennies to Quarters Calculator,pennies-to-quarters,False
General Budgeting & Everyday Math,Misc / Everyday,Pension Distribution Calculator,pension-distribution,False
General Budgeting & Everyday Math,Misc / Everyday,Percent Adjustment Calculator,percent-adjustment,False
General Budgeting & Everyday Math,Misc / Everyday,Percent Commission Calculator,percent-commission,False
General Budgeting & Everyday Math,Misc / Everyday,Percent Contribution Calculator,percent-contribution,False
General Budgeting & Everyday Math,Misc / Everyday,Percent Delay Calculator,percent-delay,False
General Budgeting & Everyday Math,Misc / Everyday,Percent Discrepancy Calculator,percent-discrepancy,False
General Budgeting & Everyday Math,Misc / Everyday,Percent Nonconforming Calculator,percent-nonconforming,False
General Budgeting & Everyday Math,Misc / Everyday,Percent Of Income Calculator,percent-of-income,False
General Budgeting & Everyday Math,Misc / Everyday,Percent Rebate Calculator,percent-rebate,False
General Budgeting & Everyday Math,Misc / Everyday,Percent Utilization Calculator,percent-utilization,False
General Budgeting & Everyday Math,Misc / Everyday,Percent of Sales Calculator,percent-of-sales,False
General Budgeting & Everyday Math,Misc / Everyday,Percentage Cost Increase Calculator,percentage-cost-increase,False
General Budgeting & Everyday Math,Misc / Everyday,Percentage Distribution Calculator,percentage-distribution,False
General Budgeting & Everyday Math,Misc / Everyday,Percentage Points Calculator,percentage-points,False
General Budgeting & Everyday Math,Misc / Everyday,Percentage Premium Calculator,percentage-premium,False
General Budgeting & Everyday Math,Misc / Everyday,Percentage To Quota Calculator,percentage-to-quota,False
General Budgeting & Everyday Math,Misc / Everyday,Percentage To Value Calculator,percentage-to-value,False
General Budgeting & Everyday Math,Misc / Everyday,Performance Bond Calculator,performance-bond,False
General Budgeting & Everyday Math,Misc / Everyday,Performance Fee Calculator,performance-fee,False
General Budgeting & Everyday Math,Misc / Everyday,Periodic Inventory Calculator,periodic-inventory,False
General Budgeting & Everyday Math,Misc / Everyday,Perpetual Inventory Calculator,perpetual-inventory,False
General Budgeting & Everyday Math,Misc / Everyday,Physical Therapy Productivity Calculator,physical-therapy-productivity,False
General Budgeting & Everyday Math,Misc / Everyday,Pipe Price Calculator,pipe-price,False
General Budgeting & Everyday Math,Misc / Everyday,Pips To Bps Calculator,pips-to-bps,False
General Budgeting & Everyday Math,Misc / Everyday,Pips To Points Calculator,pips-to-points,False
General Budgeting & Everyday Math,Misc / Everyday,Plo Equity Calculator,plo-equity,False
General Budgeting & Everyday Math,Misc / Everyday,Point Of Sale Calculator,point-of-sale,False
General Budgeting & Everyday Math,Misc / Everyday,Point Transfer Calculator,point-transfer,False
General Budgeting & Everyday Math,Misc / Everyday,Points To Dollar Calculator,points-to-dollar,False
General Budgeting & Everyday Math,Misc / Everyday,Poultry Farming Profit Calculator,poultry-farming-profit,False
General Budgeting & Everyday Math,Misc / Everyday,Poverty Level Calculator,poverty-level,False
General Budgeting & Everyday Math,Misc / Everyday,Precious Metal Weight Calculator,precious-metal-weight,False
General Budgeting & Everyday Math,Misc / Everyday,Preferred Return Calculator,preferred-return,False
General Budgeting & Everyday Math,Misc / Everyday,Preferred Stock Ytm Calculator,preferred-stock-ytm,False
General Budgeting & Everyday Math,Misc / Everyday,Premium Difference Calculator,premium-difference,False
General Budgeting & Everyday Math,Misc / Everyday,Premium Payouts Calculator,premium-payouts,False
General Budgeting & Everyday Math,Misc / Everyday,Premium Percentage Calculator,premium-percentage,False
General Budgeting & Everyday Math,Misc / Everyday,Prepayment Charge Calculator,prepayment-charge,False
General Budgeting & Everyday Math,Misc / Everyday,Previous Balance Calculator,previous-balance,False
General Budgeting & Everyday Math,Misc / Everyday,Price Appreciation Calculator,price-appreciation,False
General Budgeting & Everyday Math,Misc / Everyday,Price Change Difference Calculator,price-change-difference,False
General Budgeting & Everyday Math,Misc / Everyday,Price Elasticity of Demand Calculator,price-elasticity-of-demand,False
General Budgeting & Everyday Math,Misc / Everyday,Price Elasticity of Supply Calculator,price-elasticity-of-supply,False
General Budgeting & Everyday Math,Misc / Everyday,Price Impact Calculator,price-impact,False
General Budgeting & Everyday Math,Misc / Everyday,Price Increase Calculator,price-increase,False
General Budgeting & Everyday Math,Misc / Everyday,Price Premium Calculator,price-premium,False
General Budgeting & Everyday Math,Misc / Everyday,Price Variance Percentage Calculator,price-variance-percentage,False
General Budgeting & Everyday Math,Misc / Everyday,Principal Curtailment Calculator,principal-curtailment,False
General Budgeting & Everyday Math,Misc / Everyday,Principal Growth Calculator,principal-growth,False
General Budgeting & Everyday Math,Misc / Everyday,Printify Profit Calculator,printify-profit,False
General Budgeting & Everyday Math,Misc / Everyday,Private Savings Calculator,private-savings,False
General Budgeting & Everyday Math,Misc / Everyday,Prize Money Split Calculator,prize-money-split,False
General Budgeting & Everyday Math,Misc / Everyday,Process Cost Calculator,process-cost,False
General Budgeting & Everyday Math,Misc / Everyday,Processing Fees Calculator,processing-fees,False
General Budgeting & Everyday Math,Misc / Everyday,Producer Surplus Calculator,producer-surplus,False
General Budgeting & Everyday Math,Misc / Everyday,Product Yield Calculator,product-yield,False
General Budgeting & Everyday Math,Misc / Everyday,Productivity Growth Rate Calculator,productivity-growth-rate,False
General Budgeting & Everyday Math,Misc / Everyday,Productivity Index Calculator,productivity-index,False
General Budgeting & Everyday Math,Misc / Everyday,Profit Factor Calculator,profit-factor,False
General Budgeting & Everyday Math,Misc / Everyday,Profit First Calculator,profit-first,False
General Budgeting & Everyday Math,Misc / Everyday,Profit Over Time Calculator,profit-over-time,False
General Budgeting & Everyday Math,Misc / Everyday,Profit Per Minute Calculator,profit-per-minute,False
General Budgeting & Everyday Math,Misc / Everyday,Profit-Sharing Calculator,profit-sharing,False
General Budgeting & Everyday Math,Misc / Everyday,Profitability Index Calculator,profitability-index,False
General Budgeting & Everyday Math,Misc / Everyday,Projected Sales Calculator,projected-sales,False
General Budgeting & Everyday Math,Misc / Everyday,Property Percentage Calculator,property-percentage,False
General Budgeting & Everyday Math,Misc / Everyday,Prorate Factor Calculator,prorate-factor,False
General Budgeting & Everyday Math,Misc / Everyday,Prorated Billable Hours Calculator,prorated-billable-hours,False
General Budgeting & Everyday Math,Misc / Everyday,Prorated Charges Calculator,prorated-charges,False
General Budgeting & Everyday Math,Misc / Everyday,Prorated Days Calculator,prorated-days,False
General Budgeting & Everyday Math,Misc / Everyday,Prorated Days Off Calculator,prorated-days-off,False
General Budgeting & Everyday Math,Misc / Everyday,Prorated Fee Calculator,prorated-fee,False
General Budgeting & Everyday Math,Misc / Everyday,Prorated Premium Calculator,prorated-premium,False
General Budgeting & Everyday Math,Misc / Everyday,Prorated Raise Calculator,prorated-raise,False
General Budgeting & Everyday Math,Misc / Everyday,Prorated Rate Calculator,prorated-rate,False
General Budgeting & Everyday Math,Misc / Everyday,Prorated Refund Calculator,prorated-refund,False
General Budgeting & Everyday Math,Misc / Everyday,Quantity Variance Percentage Calculator,quantity-variance-percentage,False
General Budgeting & Everyday Math,Misc / Everyday,Quarterly Fee Calculator,quarterly-fee,False
General Budgeting & Everyday Math,Misc / Everyday,Quarterly Wage Calculator,quarterly-wage,False
General Budgeting & Everyday Math,Misc / Everyday,Quarters To Dollars Calculator,quarters-to-dollars,False
General Budgeting & Everyday Math,Misc / Everyday,Queuing Theory Calculator,queuing-theory,False
General Budgeting & Everyday Math,Misc / Everyday,Quilt Cost Calculator,quilt-cost,False
General Budgeting & Everyday Math,Misc / Everyday,ROI Calculator,roi,False
General Budgeting & Everyday Math,Misc / Everyday,RPM Calculator,rpm,False
General Budgeting & Everyday Math,Misc / Everyday,Raffle Percentage Calculator,raffle-percentage,False
General Budgeting & Everyday Math,Misc / Everyday,Rate Adjustment Calculator,rate-adjustment,False
General Budgeting & Everyday Math,Misc / Everyday,Rate Discount Calculator,rate-discount,False
General Budgeting & Everyday Math,Misc / Everyday,Rate Of Sales Calculator,rate-of-sales,False
General Budgeting & Everyday Math,Misc / Everyday,Rate Per Km Calculator,rate-per-km,False
General Budgeting & Everyday Math,Misc / Everyday,Rate Per Mile Calculator,rate-per-mile,False
General Budgeting & Everyday Math,Misc / Everyday,Rate Per Word Calculator,rate-per-word,False
General Budgeting & Everyday Math,Misc / Everyday,Rate Spread Calculator,rate-spread,False
General Budgeting & Everyday Math,Misc / Everyday,Reach And Frequency Calculator,reach-and-frequency,False
General Budgeting & Everyday Math,Misc / Everyday,Real Income Calculation,real-income-calculation,False
General Budgeting & Everyday Math,Misc / Everyday,Rebar Cost Calculator,rebar-cost,False
General Budgeting & Everyday Math,Misc / Everyday,Recapture Depreciation Calculator,recapture-depreciation,False
General Budgeting & Everyday Math,Misc / Everyday,Recipe Price Calculator,recipe-price,False
General Budgeting & Everyday Math,Misc / Everyday,Recruiter Commission Calculator,recruiter-commission,False
General Budgeting & Everyday Math,Misc / Everyday,Recruitment Rate Calculator,recruitment-rate,False
General Budgeting & Everyday Math,Misc / Everyday,Redeem Points Calculator,redeem-points,False
General Budgeting & Everyday Math,Misc / Everyday,Reducing Balance Depreciation Calculator,reducing-balance-depreciation,False
General Budgeting & Everyday Math,Misc / Everyday,Regular Rate of Pay Calculator,regular-rate-of-pay,False
General Budgeting & Everyday Math,Misc / Everyday,Renovation Costs Per Square Foot Calculator,renovation-costs-per-square-foot,False
General Budgeting & Everyday Math,Misc / Everyday,Reorder Point Calculator,reorder-point,False
General Budgeting & Everyday Math,Misc / Everyday,Repointing Cost Calculator,repointing-cost,False
General Budgeting & Everyday Math,Misc / Everyday,Required Minimum Distribution Calculator,required-minimum-distribution,False
General Budgeting & Everyday Math,Misc / Everyday,Required Rate of Return Calculator,required-rate-of-return,False
General Budgeting & Everyday Math,Misc / Everyday,Reserve Price Calculator,reserve-price,False
General Budgeting & Everyday Math,Misc / Everyday,Resource Utilization Calculator,resource-utilization,False
General Budgeting & Everyday Math,Misc / Everyday,Restaurant Opening Calculator,restaurant-opening,False
General Budgeting & Everyday Math,Misc / Everyday,Restaurant Space Calculator,restaurant-space,False
General Budgeting & Everyday Math,Misc / Everyday,Restaurant Staffing Calculator,restaurant-staffing,False
General Budgeting & Everyday Math,Misc / Everyday,Restaurant Water Use Calculator,restaurant-water-use,False
General Budgeting & Everyday Math,Misc / Everyday,Restocking Fee Calculator,restocking-fee,False
General Budgeting & Everyday Math,Misc / Everyday,Retail Installment Contract Calculator,retail-installment-contract,False
General Budgeting & Everyday Math,Misc / Everyday,Retail Margin Calculator,retail-margin,False
General Budgeting & Everyday Math,Misc / Everyday,Retainer Fee Calculator,retainer-fee,False
General Budgeting & Everyday Math,Misc / Everyday,Retroactive Payment Calculator,retroactive-payment,False
General Budgeting & Everyday Math,Misc / Everyday,Return On Revenue Calculator,return-on-revenue,False
General Budgeting & Everyday Math,Misc / Everyday,Return Premium Calculator,return-premium,False
General Budgeting & Everyday Math,Misc / Everyday,Return on Assets Calculator,return-on-assets,False
General Budgeting & Everyday Math,Misc / Everyday,Return on Equity Calculator,return-on-equity,False
General Budgeting & Everyday Math,Misc / Everyday,Return on Sales Calculator,return-on-sales,False
General Budgeting & Everyday Math,Misc / Everyday,Return on “X” Calculators,return-on-x,False
General Budgeting & Everyday Math,Misc / Everyday,Revenue Share (revshare) Calculator,revenue-share-revshare,False
General Budgeting & Everyday Math,Misc / Everyday,Reverb Payout Calculator,reverb-payout,False
General Budgeting & Everyday Math,Misc / Everyday,Reverse Commission Calculator,reverse-commission,False
General Budgeting & Everyday Math,Misc / Everyday,Reverse Fee Calculator,reverse-fee,False
General Budgeting & Everyday Math,Misc / Everyday,Reverse Lease Calculator,reverse-lease,False
General Budgeting & Everyday Math,Misc / Everyday,Reverse Margin Calculator,reverse-margin,False
General Budgeting & Everyday Math,Misc / Everyday,Reverse Markup Calculator,reverse-markup,False
General Budgeting & Everyday Math,Misc / Everyday,Reverse Stock Split Calculator,reverse-stock-split,False
General Budgeting & Everyday Math,Misc / Everyday,Risk Of Ruin Calculator,risk-of-ruin,False
General Budgeting & Everyday Math,Misc / Everyday,Risk Per Trade Calculator,risk-per-trade,False
General Budgeting & Everyday Math,Misc / Everyday,Risk Premium Calculator,risk-premium,False
General Budgeting & Everyday Math,Misc / Everyday,Risk Tolerance Calculator,risk-tolerance,False
General Budgeting & Everyday Math,Misc / Everyday,Risk-Adjusted Return Calculato,risk-adjusted-return-calculato,False
General Budgeting & Everyday Math,Misc / Everyday,Round To The Nearest Dollar Calculator,round-to-the-nearest-dollar,False
General Budgeting & Everyday Math,Misc / Everyday,Royalty Payment Calculator,royalty-payment,False
General Budgeting & Everyday Math,Misc / Everyday,Rug Price Calculator,rug-price,False
General Budgeting & Everyday Math,Misc / Everyday,Rule Of 115 Calculator,rule-of-115,False
General Budgeting & Everyday Math,Misc / Everyday,Rule Of 80 Calculator,rule-of-80,False
General Budgeting & Everyday Math,Misc / Everyday,Rule Of 88 Calculator,rule-of-88,False
General Budgeting & Everyday Math,Misc / Everyday,Rule Of 90 Calculator,rule-of-90,False
General Budgeting & Everyday Math,Misc / Everyday,Rule of 85 Calculator,rule-of-85,False
General Budgeting & Everyday Math,Misc / Everyday,Run Rate Calculator,run-rate,False
General Budgeting & Everyday Math,Misc / Everyday,SLE Calculator,sle,False
General Budgeting & Everyday Math,Misc / Everyday,SPI Calculator,spi,False
General Budgeting & Everyday Math,Misc / Everyday,Safe Note Calculator,safe-note,False
General Budgeting & Everyday Math,Misc / Everyday,Safe Withdrawal Rate Calculator,safe-withdrawal-rate,False
General Budgeting & Everyday Math,Misc / Everyday,Safety Stock Calculator,safety-stock,False
General Budgeting & Everyday Math,Misc / Everyday,Sales Forecast Calculator,sales-forecast,False
General Budgeting & Everyday Math,Misc / Everyday,Sales Growth Calculator,sales-growth,False
General Budgeting & Everyday Math,Misc / Everyday,Sales Index Calculator,sales-index,False
General Budgeting & Everyday Math,Misc / Everyday,Sales Pacing Calculator,sales-pacing,False
General Budgeting & Everyday Math,Misc / Everyday,Sales Per Labor Hour Calculator,sales-per-labor-hour,False
General Budgeting & Everyday Math,Misc / Everyday,Sales Per Square Foot Calculator,sales-per-square-foot,False
General Budgeting & Everyday Math,Misc / Everyday,Sales Percent Calculator,sales-percent,False
General Budgeting & Everyday Math,Misc / Everyday,Sales Points Calculator,sales-points,False
General Budgeting & Everyday Math,Misc / Everyday,Sales Quantity Variance Calculator,sales-quantity-variance,False
General Budgeting & Everyday Math,Misc / Everyday,Sales Rate Calculator,sales-rate,False
General Budgeting & Everyday Math,Misc / Everyday,Sales Target Calculator,sales-target,False
General Budgeting & Everyday Math,Misc / Everyday,Sales Variance Calculator,sales-variance,False
General Budgeting & Everyday Math,Misc / Everyday,Sandwich Cost Calculator,sandwich-cost,False
General Budgeting & Everyday Math,Misc / Everyday,Sat Per Byte Calculator,sat-per-byte,False
General Budgeting & Everyday Math,Misc / Everyday,Savings Distribution Calculator,savings-distribution,False
General Budgeting & Everyday Math,Misc / Everyday,Schedule Variance Calculator,schedule-variance,False
General Budgeting & Everyday Math,Misc / Everyday,Scrum Velocity Calculator,scrum-velocity,False
General Budgeting & Everyday Math,Misc / Everyday,Segment Margin Calculator,segment-margin,False
General Budgeting & Everyday Math,Misc / Everyday,Self Build Cost Calculator,self-build-cost,False
General Budgeting & Everyday Math,Misc / Everyday,Selling Leave Calculator,selling-leave,False
General Budgeting & Everyday Math,Misc / Everyday,Sequence Of Returns Risk Calculator,sequence-of-returns-risk,False
General Budgeting & Everyday Math,Misc / Everyday,Server Room Cost Calculator,server-room-cost,False
General Budgeting & Everyday Math,Misc / Everyday,Service Charge Calculator,service-charge,False
General Budgeting & Everyday Math,Misc / Everyday,Share Price Calculator,share-price,False
General Budgeting & Everyday Math,Misc / Everyday,Shareholders Equity Calculator,shareholders-equity,False
General Budgeting & Everyday Math,Misc / Everyday,Shift Premium Calculator,shift-premium,False
General Budgeting & Everyday Math,Misc / Everyday,Short Borrow Fee Calculator,short-borrow-fee,False
General Budgeting & Everyday Math,Misc / Everyday,Short Rate Penalty Calculator,short-rate-penalty,False
General Budgeting & Everyday Math,Misc / Everyday,Short Rate Premium Calculator,short-rate-premium,False
General Budgeting & Everyday Math,Misc / Everyday,Shorting Profit Calculator,shorting-profit,False
General Budgeting & Everyday Math,Misc / Everyday,Shut Down Price Calculator,shut-down-price,False
General Budgeting & Everyday Math,Misc / Everyday,Single Premium Calculator,single-premium,False
General Budgeting & Everyday Math,Misc / Everyday,Single Room Supplement Calculator,single-room-supplement,False
General Budgeting & Everyday Math,Misc / Everyday,Sinking Fund Calculator,sinking-fund,False
General Budgeting & Everyday Math,Misc / Everyday,Sliding Scale Commission Calculator,sliding-scale-commission,False
General Budgeting & Everyday Math,Misc / Everyday,Social Return on Investment (SROI) Calculator,social-return-on-investment-sroi,False
General Budgeting & Everyday Math,Misc / Everyday,Solar Lease Calculator,solar-lease,False
General Budgeting & Everyday Math,Misc / Everyday,Spending Money Calculator,spending-money,False
General Budgeting & Everyday Math,Misc / Everyday,Spending Percentage Calculator,spending-percentage,False
General Budgeting & Everyday Math,Misc / Everyday,Spin-Off Cost Basis Calculator,spin-off-cost-basis,False
General Budgeting & Everyday Math,Misc / Everyday,Split Payment Calculator,split-payment,False
General Budgeting & Everyday Math,Misc / Everyday,Splitting Bills Based On Income Calculator,splitting-bills-based-on-income,False
General Budgeting & Everyday Math,Misc / Everyday,Spontaneous Labor Calculator,spontaneous-labor,False
General Budgeting & Everyday Math,Misc / Everyday,Spot Rate Calculator,spot-rate,False
General Budgeting & Everyday Math,Misc / Everyday,Sprint Velocity Calculator,sprint-velocity,False
General Budgeting & Everyday Math,Misc / Everyday,Staging Cost Calculator,staging-cost,False
General Budgeting & Everyday Math,Misc / Everyday,Steam Leak Cost Calculator,steam-leak-cost,False
General Budgeting & Everyday Math,Misc / Everyday,Sticker Pricing Calculator,sticker-pricing,False
General Budgeting & Everyday Math,Misc / Everyday,Stock Borrow Fee Calculator,stock-borrow-fee,False
General Budgeting & Everyday Math,Misc / Everyday,Stock Calculator,stock,False
General Budgeting & Everyday Math,Misc / Everyday,Stock Cash Out Calculator,stock-cash-out,False
General Budgeting & Everyday Math,Misc / Everyday,Stock Change Percentage Calculator,stock-change-percentage,False
General Budgeting & Everyday Math,Misc / Everyday,Stock Drawdown Calculator,stock-drawdown,False
General Budgeting & Everyday Math,Misc / Everyday,Stock Lot Size Calculator,stock-lot-size,False
General Budgeting & Everyday Math,Misc / Everyday,Stock Out Probability Calculator,stock-out-probability,False
General Budgeting & Everyday Math,Misc / Everyday,Stock Risk Calculator,stock-risk,False
General Budgeting & Everyday Math,Misc / Everyday,Stock Settlement Date Calculator,stock-settlement-date,False
General Budgeting & Everyday Math,Misc / Everyday,Stock Spinoff Calculator,stock-spinoff,False
General Budgeting & Everyday Math,Misc / Everyday,Stock Yield Calculator,stock-yield,False
General Budgeting & Everyday Math,Misc / Everyday,Stop Loss Risk Calculator,stop-loss-risk,False
General Budgeting & Everyday Math,Misc / Everyday,Storage Cost Calculator,storage-cost,False
General Budgeting & Everyday Math,Misc / Everyday,Subtracting Money Calculator,subtracting-money,False
General Budgeting & Everyday Math,Misc / Everyday,Suggested Retail Price (SRP) Calculator,suggested-retail-price-srp,False
General Budgeting & Everyday Math,Misc / Everyday,Surcharge Fee Calculator,surcharge-fee,False
General Budgeting & Everyday Math,Misc / Everyday,Sweat Equity Calculator,sweat-equity,False
General Budgeting & Everyday Math,Misc / Everyday,T Note Calculator,t-note,False
General Budgeting & Everyday Math,Misc / Everyday,T-Shirt Pricing Calculator,t-shirt-pricing,False
General Budgeting & Everyday Math,Misc / Everyday,TDSR Calculator,tdsr,False
General Budgeting & Everyday Math,Misc / Everyday,TPS Calculator,tps,False
General Budgeting & Everyday Math,Misc / Everyday,Tail Coverage Calculator,tail-coverage,False
General Budgeting & Everyday Math,Misc / Everyday,Take Profit Calculator,take-profit,False
General Budgeting & Everyday Math,Misc / Everyday,Target Profit Calculator,target-profit,False
General Budgeting & Everyday Math,Misc / Everyday,Ticket Sales Calculator,ticket-sales,False
General Budgeting & Everyday Math,Misc / Everyday,Time Between Orders Calculator,time-between-orders,False
General Budgeting & Everyday Math,Misc / Everyday,Time Weighted Return Calculator,time-weighted-return,False
General Budgeting & Everyday Math,Misc / Everyday,Total Delivery Cost Calculator,total-delivery-cost,False
General Budgeting & Everyday Math,Misc / Everyday,Total Equity Calculator,total-equity,False
General Budgeting & Everyday Math,Misc / Everyday,Total Factor Productivity Calculator,total-factor-productivity,False
General Budgeting & Everyday Math,Misc / Everyday,Total Manufacturing Cost Calculator,total-manufacturing-cost,False
General Budgeting & Everyday Math,Misc / Everyday,Total Period Cost Calculator,total-period-cost,False
General Budgeting & Everyday Math,Misc / Everyday,Total Return Calculator,total-return,False
General Budgeting & Everyday Math,Misc / Everyday,Total Surplus Calculator,total-surplus,False
General Budgeting & Everyday Math,Misc / Everyday,Trade Up Contract Calculator,trade-up-contract,False
General Budgeting & Everyday Math,Misc / Everyday,Transaction Cost Calculator,transaction-cost,False
General Budgeting & Everyday Math,Misc / Everyday,Transcription Cost Calculator,transcription-cost,False
General Budgeting & Everyday Math,Misc / Everyday,Transportation Rate Calculator,transportation-rate,False
General Budgeting & Everyday Math,Misc / Everyday,Travel Agent Commission Calculator,travel-agent-commission,False
General Budgeting & Everyday Math,Misc / Everyday,Travel Stipend Calculator,travel-stipend,False
General Budgeting & Everyday Math,Misc / Everyday,Triple Discount Calculator,triple-discount,False
General Budgeting & Everyday Math,Misc / Everyday,True Cost Calculator,true-cost,False
General Budgeting & Everyday Math,Misc / Everyday,Trusses Cost Calculator,trusses-cost,False
General Budgeting & Everyday Math,Misc / Everyday,Turnover Rate Calculator,turnover-rate,False
General Budgeting & Everyday Math,Misc / Everyday,Tutor Rate Calculator,tutor-rate,False
General Budgeting & Everyday Math,Misc / Everyday,Twitch Bits Calculator,twitch-bits,False
General Budgeting & Everyday Math,Misc / Everyday,Unearned Premium Calculator,unearned-premium,False
General Budgeting & Everyday Math,Misc / Everyday,Uneven Cash Flow Calculator,uneven-cash-flow,False
General Budgeting & Everyday Math,Misc / Everyday,Unit Product Cost Calculator,unit-product-cost,False
General Budgeting & Everyday Math,Misc / Everyday,Units Of Activity Method Calculator,units-of-activity-method,False
General Budgeting & Everyday Math,Misc / Everyday,Units Per Carton Calculator,units-per-carton,False
General Budgeting & Everyday Math,Misc / Everyday,Unpaid Balance Calculator,unpaid-balance,False
General Budgeting & Everyday Math,Misc / Everyday,Unpaid Work Calculator,unpaid-work,False
General Budgeting & Everyday Math,Misc / Everyday,Upfront Cost Calculator,upfront-cost,False
General Budgeting & Everyday Math,Misc / Everyday,Usage Percentage Calculator,usage-percentage,False
General Budgeting & Everyday Math,Misc / Everyday,Utilization Factor Calculator,utilization-factor,False
General Budgeting & Everyday Math,Misc / Everyday,Utilization Rate Calculator,utilization-rate,False
General Budgeting & Everyday Math,Misc / Everyday,VAT Calculator,vat,False
General Budgeting & Everyday Math,Misc / Everyday,Vacancy Loss Calculator,vacancy-loss,False
General Budgeting & Everyday Math,Misc / Everyday,Vacancy Percentage Calculator,vacancy-percentage,False
General Budgeting & Everyday Math,Misc / Everyday,Vacation Savings Calculator,vacation-savings,False
General Budgeting & Everyday Math,Misc / Everyday,Variable Expense Per Unit Calculator,variable-expense-per-unit,False
General Budgeting & Everyday Math,Misc / Everyday,Variable Margin Calculator,variable-margin,False
General Budgeting & Everyday Math,Misc / Everyday,Vertical Analysis Calculator,vertical-analysis,False
General Budgeting & Everyday Math,Misc / Everyday,Views To Dollars Calculator,views-to-dollars,False
General Budgeting & Everyday Math,Misc / Everyday,WRAP Rate Calculator,wrap-rate,False
General Budgeting & Everyday Math,Misc / Everyday,Wage Decrease Calculator,wage-decrease,False
General Budgeting & Everyday Math,Misc / Everyday,Wage Index Calculator,wage-index,False
General Budgeting & Everyday Math,Misc / Everyday,Wash Sale Rule Calculator,wash-sale-rule,False
General Budgeting & Everyday Math,Misc / Everyday,Weekend Rates Calculator,weekend-rates,False
General Budgeting & Everyday Math,Misc / Everyday,Welding Cost Calculator,welding-cost,False
General Budgeting & Everyday Math,Misc / Everyday,Wholesale Price Calculator,wholesale-price,False
General Budgeting & Everyday Math,Misc / Everyday,Wine Pricing Calculator,wine-pricing,False
General Budgeting & Everyday Math,Misc / Everyday,Wire Transfer Fee Calculator,wire-transfer-fee,False
General Budgeting & Everyday Math,Misc / Everyday,Withdrawal Rate Calculator,withdrawal-rate,False
General Budgeting & Everyday Math,Misc / Everyday,Work In Process Inventory Calculator,work-in-process-inventory,False
General Budgeting & Everyday Math,Misc / Everyday,World Income Calculator,world-income,False
General Budgeting & Everyday Math,Misc / Everyday,Yard Clean Up Cost Calculator,yard-clean-up-cost,False
General Budgeting & Everyday Math,Misc / Everyday,Yield Per Year Calculator,yield-per-year,False
General Budgeting & Everyday Math,Misc / Everyday,Yield Return Calculator,yield-return,False
General Budgeting & Everyday Math,Misc / Everyday,Yield To Maturity Calculator,yield-to-maturity,False
General Budgeting & Everyday Math,Misc / Everyday,Yield to Call Calculator,yield-to-call,False
General Budgeting & Everyday Math,Misc / Everyday,Ytd Income Calculator,ytd-income,False
General Budgeting & Everyday Math,Misc / Everyday,Zero Coupon Bond Calculator,zero-coupon-bond,False
Home Improvement & Contractor Costs (U.S.),Home Projects,Bathroom Remodel Cost Per Square Foot Calculator,bathroom-remodel-cost-per-square-foot,False
Home Improvement & Contractor Costs (U.S.),Home Projects,Carpet Install Cost Per Square Foot Calculator,carpet-install-cost-per-square-foot,False
Home Improvement & Contractor Costs (U.S.),Home Projects,Carpet Removal Cost Calculator,carpet-removal-cost,False
Home Improvement & Contractor Costs (U.S.),Home Projects,Carpet Value Calculator,carpet-value,False
Home Improvement & Contractor Costs (U.S.),Home Projects,Cost Per Gallon Of Paint Calculator,cost-per-gallon-of-paint,False
Home Improvement & Contractor Costs (U.S.),Home Projects,Epoxy Flooring Cost Calculator,epoxy-flooring-cost,False
Home Improvement & Contractor Costs (U.S.),Home Projects,Excavation Cost Calculator,excavation-cost,False
Home Improvement & Contractor Costs (U.S.),Home Projects,Floor Replacement Cost Calculator,floor-replacement-cost,False
Home Improvement & Contractor Costs (U.S.),Home Projects,Floor to Area Ratio Calculator,floor-to-area-ratio,False
Home Improvement & Contractor Costs (U.S.),Home Projects,Laser Engraving Price Calculator,laser-engraving-price,False
Home Improvement & Contractor Costs (U.S.),Home Projects,Marble Flooring Cost Calculator,marble-flooring-cost,False
Home Improvement & Contractor Costs (U.S.),Home Projects,Pool Coping Cost Calculator,pool-coping-cost,False
Home Improvement & Contractor Costs (U.S.),Home Projects,Prize Pool Distribution Calculator,prize-pool-distribution,False
Home Improvement & Contractor Costs (U.S.),Home Projects,Retaining Wall Price Calculator,retaining-wall-price,False
Home Improvement & Contractor Costs (U.S.),Home Projects,Rewire Cost Calculator,rewire-cost,False
Home Improvement & Contractor Costs (U.S.),Home Projects,Roof Depreciation Calculator,roof-depreciation,False
Home Improvement & Contractor Costs (U.S.),Home Projects,Roof Replacement Cost Calculator,roof-replacement-cost,False
Home Improvement & Contractor Costs (U.S.),Home Projects,Seawall Cost Calculator,seawall-cost,False
Home Improvement & Contractor Costs (U.S.),Home Projects,Sheetrock Price Calculator,sheetrock-price,False
Home Improvement & Contractor Costs (U.S.),Home Projects,Tile Labor Cost Calculator,tile-labor-cost,False
Home Improvement & Contractor Costs (U.S.),Home Projects,Turf Cost Calculator,turf-cost,False
Household & Utilities (U.S.),Bills & Utilities,Cell Phone Plan Calculator,cell-phone-plan,False
Household & Utilities (U.S.),Bills & Utilities,Cost Per KWH Calculator,cost-per-kwh,False
Household & Utilities (U.S.),Bills & Utilities,Electricity Cost Calculator,electricity-cost,False
Household & Utilities (U.S.),Bills & Utilities,Hot Tub Electric Cost Calculator,hot-tub-electric-cost,False
Household & Utilities (U.S.),Bills & Utilities,Propane Heat Cost Calculator,propane-heat-cost,False
Household & Utilities (U.S.),Bills & Utilities,Prorated Utilities Calculator,prorated-utilities,False
Household & Utilities (U.S.),Bills & Utilities,Utilities Cost Per Month Calculator,utilities-cost-per-month,False
Household & Utilities (U.S.),Bills & Utilities,Water Bill Calculator,water-bill,False
"Inflation, Currency & Purchasing Power",Inflation & FX,Budget-category inflation impact,budget-category-inflation-impact,False
"Inflation, Currency & Purchasing Power",Inflation & FX,Consumer Price Index (CPI) Calculator,consumer-price-index-cpi,False
"Inflation, Currency & Purchasing Power",Inflation & FX,Cross Exchange Rate Calculator,cross-exchange-rate,False
"Inflation, Currency & Purchasing Power",Inflation & FX,Currency Drain Ratio Calculator,currency-drain-ratio,False
"Inflation, Currency & Purchasing Power",Inflation & FX,Currency converter,currency-converter,False
"Inflation, Currency & Purchasing Power",Inflation & FX,Gdp Price Index Calculator,gdp-price-index,False
"Inflation, Currency & Purchasing Power",Inflation & FX,Inflation Adjusted Returns Calculator,inflation-adjusted-returns,False
"Inflation, Currency & Purchasing Power",Inflation & FX,Inflation Depreciation Calculator,inflation-depreciation,False
"Inflation, Currency & Purchasing Power",Inflation & FX,Inflation Premium Calculator,inflation-premium,False
"Inflation, Currency & Purchasing Power",Inflation & FX,Inflation Rate Difference Calculator,inflation-rate-difference,False
"Inflation, Currency & Purchasing Power",Inflation & FX,Real Return Calculator,real-return,False
"Inflation, Currency & Purchasing Power",Inflation & FX,Real purchasing power over time,real-purchasing-power-over-time,False
"Inflation, Currency & Purchasing Power",Inflation & FX,Real wage growth,real-wage-growth,False
"Inflation, Currency & Purchasing Power",Inflation & FX,TIPS breakeven inflation,tips-breakeven-inflation,False
"Inflation, Currency & Purchasing Power",Inflation & FX,U.S. inflation (CPI) calculator,u-s-inflation-cpi-calculator,True
Insurance & Health (U.S.),Insurance Needs,COBRA cost estimator,cobra-cost-estimator,True
Insurance & Health (U.S.),Insurance Needs,Disability insurance benefit need,disability-insurance-benefit-need,True
Insurance & Health (U.S.),Insurance Needs,Health plan picker (HMO/PPO/HDHP TCO),health-plan-picker-hmo-ppo-hdhp-tco,True
Insurance & Health (U.S.),Insurance Needs,Life-insurance needs (income replacement),life-insurance-needs-income-replacement,True
Insurance & Health (U.S.),Insurance Needs,Term vs whole comparison (TCO),term-vs-whole-comparison-tco,True
Insurance & Health (U.S.),Insurance Needs,Umbrella liability coverage need,umbrella-liability-coverage-need,True
Insurance & Health (U.S.),Premiums & Benefits,ACA Premium Tax Credit (Marketplace subsidy) estimator,aca-premium-tax-credit-marketplace-subsidy-estimator,True
Insurance & Health (U.S.),Premiums & Benefits,Long-term care premium vs benefit breakeven,long-term-care-premium-vs-benefit-breakeven,True
Insurance & Health (U.S.),Tax‑Advantaged Health Accounts,FSA tax savings,fsa-tax-savings,True
Insurance & Health (U.S.),Tax‑Advantaged Health Accounts,HRA reimbursement benefit estimator,hra-reimbursement-benefit-estimator,True
Insurance & Health (U.S.),Tax‑Advantaged Health Accounts,HSA vs PPO breakeven; HSA growth projection,hsa-vs-ppo-breakeven-hsa-growth-projection,True
Investing & Markets,Capital Budgeting,Moic To Irr Calculator,moic-to-irr,False
Investing & Markets,Capital Budgeting,NPV & IRR,npv-and-irr,False
Investing & Markets,Capital Budgeting,Payback period,payback-period,False
Investing & Markets,Equities,Dividend Growth Calculator,dividend-growth,False
Investing & Markets,Equities,Dividend Payout Ratio Calculator,dividend-payout-ratio,False
Investing & Markets,Equities,Dividend Yield Ratio Calculator,dividend-yield-ratio,False
Investing & Markets,Equities,Dividend reinvestment (DRIP) total return,dividend-reinvestment-drip-total-return,False
Investing & Markets,Equities,Stock profit (incl. fees/taxes),stock-profit-incl-fees-taxes,False
Investing & Markets,Equities,Yield on cost (stock/dividend),yield-on-cost-stock-dividend,False
Investing & Markets,Fixed Income,Bond duration & convexity,bond-duration-and-convexity,False
Investing & Markets,Fixed Income,Bond price/yield/YTM calculator,bond-price-yield-ytm-calculator,False
Investing & Markets,Fixed Income,I Bond composite rate & value tracker,i-bond-composite-rate-and-value-tracker,False
Investing & Markets,General Investing,3 Asset Portfolio Calculator,3-asset-portfolio,False
Investing & Markets,General Investing,Adjusted Sharpe Ratio Calculator,adjusted-sharpe-ratio,False
Investing & Markets,General Investing,Asset-allocation (risk-based model),asset-allocation-risk-based-model,False
Investing & Markets,General Investing,Average / annualized return (geometric),average-annualized-return-geometric,False
Investing & Markets,General Investing,Brokerage margin interest cost,brokerage-margin-interest-cost,False
Investing & Markets,General Investing,CAGR calculator,cagr-calculator,False
Investing & Markets,General Investing,CAPM Beta Calculator,capm-beta,False
Investing & Markets,General Investing,CAPM Calculator,capm,False
Investing & Markets,General Investing,Cagr End Value Calculator,cagr-end-value,False
Investing & Markets,General Investing,Dollar-cost averaging (DCA) impact,dollar-cost-averaging-dca-impact,False
Investing & Markets,General Investing,Enterprise Value Calculator,enterprise-value,False
Investing & Markets,General Investing,Equity Value Calculator,equity-value,False
Investing & Markets,General Investing,Expense Ratio Calculator,expense-ratio,False
Investing & Markets,General Investing,Expense-ratio drag over time,expense-ratio-drag-over-time,False
Investing & Markets,General Investing,Free Cash Flow Calculator,free-cash-flow,False
Investing & Markets,General Investing,Growth Vs Expense Ratio Calculator,growth-vs-expense-ratio,False
Investing & Markets,General Investing,Impact Of Expense Ratio Calculator,impact-of-expense-ratio,False
Investing & Markets,General Investing,Investment growth / future value (lump + DCA),investment-growth-future-value-lump-dca,False
Investing & Markets,General Investing,Lot-selection tax impact (FIFO/LIFO/HIFO),lot-selection-tax-impact-fifo-lifo-hifo,False
Investing & Markets,General Investing,Partnership Valuation Calculator,partnership-valuation,False
Investing & Markets,General Investing,Portfolio expected return & volatility (2-asset),portfolio-expected-return-and-volatility-2-asset,False
Investing & Markets,General Investing,Pre-Money Valuation Calculator,pre-money-valuation,False
Investing & Markets,General Investing,Product Valuation Calculator,product-valuation,False
Investing & Markets,General Investing,Real (after-inflation) return,real-after-inflation-return,False
Investing & Markets,General Investing,Rebalancing drift & tax impact,rebalancing-drift-and-tax-impact,False
Investing & Markets,General Investing,Sharpe Ratio Calculator,sharpe-ratio,False
Investing & Markets,General Investing,Tax-loss harvesting benefit estimator,tax-loss-harvesting-benefit-estimator,False
Investing & Markets,General Investing,Treynor Ratio Calculator,treynor-ratio,False
Investing & Markets,General Investing,U.S. Treasury bill (T-bill) calculator,u-s-treasury-bill-t-bill-calculator,True
Investing & Markets,General Investing,WACC Calculator,wacc,False
Investing & Markets,Yields & Returns,Tax-equivalent yield (munis),tax-equivalent-yield-munis,False
Investing & Markets,Yields & Returns,Yield On Cost Calculator,yield-on-cost,False
Loans & Debt,,APR Advanced (APR↔EAR/APY with fees/points),apr-advanced-apr-ear-apy-with-fees-points,False
Loans & Debt,,APR with fees (simple),apr-with-fees-simple,False
Loans & Debt,,Boat/RV loan calculator,boat-rv-loan-calculator,False
Loans & Debt,,Debt consolidation savings,debt-consolidation-savings,False
Loans & Debt,,Debt payoff planner (avalanche/snowball),debt-payoff-planner-avalanche-snowball,False
Loans & Debt,,Deferred-interest promo financing risk,deferred-interest-promo-financing-risk,False
Loans & Debt,,Extra payment / payoff accelerator,extra-payment-payoff-accelerator,False
Loans & Debt,,Interest-only loan calculator,interest-only-loan-calculator,False
Loans & Debt,,Lease calculator (non-auto equipment),lease-calculator-non-auto-equipment,False
Loans & Debt,,Loan comparison (two+ scenarios),loan-comparison-two-scenarios,False
Loans & Debt,,Loan payment & amortization (generic),loan-payment-and-amortization-generic,False
Loans & Debt,,Loan refinance savings,loan-refinance-savings,False
Loans & Debt,,Payday/short-term loan true APR,payday-short-term-loan-true-apr,False
Loans & Debt,,Personal loan calculator,personal-loan-calculator,False
Loans & Debt,,Repayment calculator (generic),repayment-calculator-generic,False
Loans & Debt,,Secured vs unsecured loan comparison,secured-vs-unsecured-loan-comparison,False
Loans & Debt (Non‑mortgage),Debt Payoff,Bad Debt Expense Calculator,bad-debt-expense,False
Loans & Debt (Non‑mortgage),Debt Payoff,Bad Debt Provision Calculator,bad-debt-provision,False
Loans & Debt (Non‑mortgage),Debt Payoff,Compound Debt Calculator,compound-debt,False
Loans & Debt (Non‑mortgage),Debt Payoff,Convertible Debt Calculator,convertible-debt,False
Loans & Debt (Non‑mortgage),Debt Payoff,Cost of Debt Calculator,cost-of-debt,False
Loans & Debt (Non‑mortgage),Debt Payoff,Credit Debt Ratio Calculator,credit-debt-ratio,False
Loans & Debt (Non‑mortgage),Debt Payoff,Debt Burden Ratio Calculator,debt-burden-ratio,False
Loans & Debt (Non‑mortgage),Debt Payoff,Debt Collection Interest Calculator,debt-collection-interest,False
Loans & Debt (Non‑mortgage),Debt Payoff,Debt Constant Calculator,debt-constant,False
Loans & Debt (Non‑mortgage),Debt Payoff,Debt Headroom Calculator,debt-headroom,False
Loans & Debt (Non‑mortgage),Debt Payoff,Debt Overpayment Calculator,debt-overpayment,False
Loans & Debt (Non‑mortgage),Debt Payoff,Debt Percentage Calculator,debt-percentage,False
Loans & Debt (Non‑mortgage),Debt Payoff,Debt Recycling Calculator,debt-recycling,False
Loans & Debt (Non‑mortgage),Debt Payoff,Debt Settlement Calculator,debt-settlement,False
Loans & Debt (Non‑mortgage),Debt Payoff,Debt To Credit Calculator,debt-to-credit,False
Loans & Debt (Non‑mortgage),Debt Payoff,Debt To Ebitda Ratio Calculator,debt-to-ebitda-ratio,False
Loans & Debt (Non‑mortgage),Debt Payoff,Debt To Enterprise Value Ratio Calculator,debt-to-enterprise-value-ratio,False
Loans & Debt (Non‑mortgage),Debt Payoff,Debt Yield Calculator,debt-yield,False
Loans & Debt (Non‑mortgage),Debt Payoff,Debt to Income Ratio Calculator,debt-to-income-ratio,False
Loans & Debt (Non‑mortgage),Debt Payoff,Ebitda to Debt Ratio Calculator,ebitda-to-debt-ratio,False
Loans & Debt (Non‑mortgage),Debt Payoff,Market Value Of Debt Calculator,market-value-of-debt,False
Loans & Debt (Non‑mortgage),Debt Payoff,Monthly Debt Calculator,monthly-debt,False
Loans & Debt (Non‑mortgage),Debt Payoff,Months To Pay Off Debt Calculator,months-to-pay-off-debt,False
Loans & Debt (Non‑mortgage),Debt Payoff,Waterfall Debt Calculator,waterfall-debt,False
Loans & Debt (Non‑mortgage),Debt Payoff,Weekly Debt Payment Calculator,weekly-debt-payment,False
Loans & Debt (Non‑mortgage),Personal & Other Loans,Farm Operating Loan Calculator,farm-operating-loan,False
Loans & Debt (Non‑mortgage),Personal & Other Loans,Loan Calculator,loan,False
Loans & Debt (Non‑mortgage),Personal & Other Loans,Loan Margin Calculator,loan-margin,False
Loans & Debt (Non‑mortgage),Personal & Other Loans,Loan Profit Calculator,loan-profit,False
Loans & Debt (Non‑mortgage),Personal & Other Loans,Loan Vs Lease Calculator,loan-vs-lease,False
Loans & Debt (Non‑mortgage),Personal & Other Loans,Quarterly Loan Payment Calculator,quarterly-loan-payment,False
Loans & Debt (Non‑mortgage),Personal & Other Loans,Repayment Capacity Calculator,repayment-capacity,False
Loans & Debt (Non‑mortgage),Personal & Other Loans,Repayment Percentage Calculator,repayment-percentage,False
Loans & Debt (Non‑mortgage),Rates & APR,20 Year Compound Interest Calculator,20-year-compound-interest,False
Loans & Debt (Non‑mortgage),Rates & APR,4 Percent Interest Rate Calculator,4-percent-interest-rate,False
Loans & Debt (Non‑mortgage),Rates & APR,Annual Interest To Monthly Calculator,annual-interest-to-monthly,False
Loans & Debt (Non‑mortgage),Rates & APR,Apr Per Month Calculator,apr-per-month,False
Loans & Debt (Non‑mortgage),Rates & APR,Assumed Interest Rate Calculator,assumed-interest-rate,False
Loans & Debt (Non‑mortgage),Rates & APR,Average Interest Calculator,average-interest,False
Loans & Debt (Non‑mortgage),Rates & APR,Backward Compound Interest Calculator,backward-compound-interest,False
Loans & Debt (Non‑mortgage),Rates & APR,Bankers Rule Interest Calculator,bankers-rule-interest,False
Loans & Debt (Non‑mortgage),Rates & APR,Capitalized Interest Calculator,capitalized-interest,False
Loans & Debt (Non‑mortgage),Rates & APR,Cash Advance Interest Calculator,cash-advance-interest,False
Loans & Debt (Non‑mortgage),Rates & APR,Compound Interest Days Calculator,compound-interest-days,False
Loans & Debt (Non‑mortgage),Rates & APR,Compound Interest Doubling Time Calculator,compound-interest-doubling-time,False
Loans & Debt (Non‑mortgage),Rates & APR,Compound Interest Every Minute Calculator,compound-interest-every-minute,False
Loans & Debt (Non‑mortgage),Rates & APR,Compound Interest Factor Calculator,compound-interest-factor,False
Loans & Debt (Non‑mortgage),Rates & APR,Compound Interest Plus Contributions Calculator,compound-interest-plus-contributions,False
Loans & Debt (Non‑mortgage),Rates & APR,Daily Interest Calculator,daily-interest,False
Loans & Debt (Non‑mortgage),Rates & APR,Debenture Interest Calculator,debenture-interest,False
Loans & Debt (Non‑mortgage),Rates & APR,Decreasing Interest Calculator,decreasing-interest,False
Loans & Debt (Non‑mortgage),Rates & APR,Depreciation Interest Calculator,depreciation-interest,False
Loans & Debt (Non‑mortgage),Rates & APR,Diminishing Interest Calculator,diminishing-interest,False
Loans & Debt (Non‑mortgage),Rates & APR,Effective Interest Calculator,effective-interest,False
Loans & Debt (Non‑mortgage),Rates & APR,Effective Interest Rate Calculator,effective-interest-rate,False
Loans & Debt (Non‑mortgage),Rates & APR,Endowment Interest Calculator,endowment-interest,False
Loans & Debt (Non‑mortgage),Rates & APR,Front Loaded Interest Calculator,front-loaded-interest,False
Loans & Debt (Non‑mortgage),Rates & APR,Hourly Interest Calculator,hourly-interest,False
Loans & Debt (Non‑mortgage),Rates & APR,Implicit Interest Rate Lease Calculator,implicit-interest-rate-lease,False
Loans & Debt (Non‑mortgage),Rates & APR,Imputed Interest Calculator,imputed-interest,False
Loans & Debt (Non‑mortgage),Rates & APR,Incremental Interest Calculator,incremental-interest,False
Loans & Debt (Non‑mortgage),Rates & APR,Interest Adjustment Calculator,interest-adjustment,False
Loans & Debt (Non‑mortgage),Rates & APR,Interest Appreciation Calculator,interest-appreciation,False
Loans & Debt (Non‑mortgage),Rates & APR,Interest Increase Calculator,interest-increase,False
Loans & Debt (Non‑mortgage),Rates & APR,Interest Overpayment Calculator,interest-overpayment,False
Loans & Debt (Non‑mortgage),Rates & APR,Interest Penalty Calculator,interest-penalty,False
Loans & Debt (Non‑mortgage),Rates & APR,Interest Rate Buydown Calculator,interest-rate-buydown,False
Loans & Debt (Non‑mortgage),Rates & APR,Interest Rate Difference Calculator,interest-rate-difference,False
Loans & Debt (Non‑mortgage),Rates & APR,Interest Reserve Calculator,interest-reserve,False
Loans & Debt (Non‑mortgage),Rates & APR,Interest Vs Equity Calculator,interest-vs-equity,False
Loans & Debt (Non‑mortgage),Rates & APR,Margin Interest Calculator,margin-interest,False
Loans & Debt (Non‑mortgage),Rates & APR,Monthly Accrued Interest Calculator,monthly-accrued-interest,False
Loans & Debt (Non‑mortgage),Rates & APR,Monthly Interest Calculator,monthly-interest,False
Loans & Debt (Non‑mortgage),Rates & APR,Pre-Judgment Interest Calculator,pre-judgment-interest,False
Loans & Debt (Non‑mortgage),Rates & APR,Profit Interest Units Calculator,profit-interest-units,False
Loans & Debt (Non‑mortgage),Rates & APR,Prorated Interest Calculator,prorated-interest,False
Loans & Debt (Non‑mortgage),Rates & APR,Quarterly Interest Calculator,quarterly-interest,False
Loans & Debt (Non‑mortgage),Rates & APR,Real Interest Rate Calculator,real-interest-rate,False
Loans & Debt (Non‑mortgage),Rates & APR,Rental Deposit Interest Calculator,rental-deposit-interest,False
Loans & Debt (Non‑mortgage),Rates & APR,Reverse Interest Calculator,reverse-interest,False
Loans & Debt (Non‑mortgage),Rates & APR,Statutory Interest Calculator,statutory-interest,False
Loans & Debt (Non‑mortgage),Rates & APR,Time Deposit Interest Calculator,time-deposit-interest,False
Loans & Debt (Non‑mortgage),Rates & APR,Unearned Interest Calculator,unearned-interest,False
Loans & Debt (Non‑mortgage),Rates & APR,Weekly Interest Calculator,weekly-interest,False
Loans & Debt (Non‑mortgage),Rates & APR,Weighted Average Interest Rate Calculator,weighted-average-interest-rate,False
Loans & Debt (Non‑mortgage),Rates & APR,Weighted Interest Rate Calculator,weighted-interest-rate,False
Loans & Debt (Non‑mortgage),Rates & APR,Yearly Interest Calculator,yearly-interest,False
Marketing & Advertising Metrics,Ad Pricing & KPIs,CPT (Cost Per Thousand) Calculator,cpt-cost-per-thousand,False
Marketing & Advertising Metrics,Ad Pricing & KPIs,Cost Per Mille (CPM) Calculator,cost-per-mille-cpm,False
Marketing & Advertising Metrics,Ad Pricing & KPIs,Cost Per Rating Point (CPRP) Calculator,cost-per-rating-point-cprp,False
Marketing & Advertising Metrics,Ad Pricing & KPIs,GRP (Gross Rating Points) Calculator,grp-gross-rating-points,False
Marketing & Advertising Metrics,Ad Pricing & KPIs,Trucking Cpm Calculator,trucking-cpm,False
Marketing & Advertising Metrics,Ad Pricing & KPIs,eCPM Calculator,ecpm,False
Marketing & Advertising Metrics,Marketing Metrics,Advertising Budget Calculator,advertising-budget,False
Marketing & Advertising Metrics,Marketing Metrics,Advertising To Sales Ratio Calculator,advertising-to-sales-ratio,False
Marketing & Advertising Metrics,Marketing Metrics,Advertising Value Equivalency Calculator,advertising-value-equivalency,False
Marketing & Advertising Metrics,Marketing Metrics,Click To Purchase Conversion Rate Calculator,click-to-purchase-conversion-rate,False
Marketing & Advertising Metrics,Marketing Metrics,Conversion Rate Calculator,conversion-rate,False
Marketing & Advertising Metrics,Marketing Metrics,Earnings Per Click (EPC) Calculator,earnings-per-click-epc,False
Marketing & Advertising Metrics,Marketing Metrics,Gross to Net Media Advertising Calculator,gross-to-net-media-advertising,False
Marketing & Advertising Metrics,Marketing Metrics,ROAS Calculator,roas,False
Marketing & Advertising Metrics,Marketing Metrics,RevPAR Calculator,revpar,False
Marketing & Advertising Metrics,Marketing Metrics,Revenue Per Click Calculator,revenue-per-click,False
Marketing & Advertising Metrics,Marketing Metrics,Sales Conversion Rate Calculator,sales-conversion-rate,False
Mortgages & Real Estate,HELOC,HELOC payment (draw vs repayment),heloc-payment-draw-vs-repayment,False
Mortgages & Real Estate,Loan Programs,FHA loan calculator (incl. MIP),fha-loan-calculator-incl-mip,False
Mortgages & Real Estate,Loan Programs,Jumbo mortgage calculator,jumbo-mortgage-calculator,False
Mortgages & Real Estate,Loan Programs,USDA mortgage calculator (guarantee fee),usda-mortgage-calculator-guarantee-fee,False
Mortgages & Real Estate,Loan Programs,VA mortgage calculator (funding fee),va-mortgage-calculator-funding-fee,False
Mortgages & Real Estate,Mortgage Math,2-1 / 3-2-1 rate buydown breakeven,2-1-3-2-1-rate-buydown-breakeven,False
Mortgages & Real Estate,Mortgage Math,Adjustable-rate mortgage (ARM reset / caps),adjustable-rate-mortgage-arm-reset-caps,False
Mortgages & Real Estate,Mortgage Math,Asset Based Mortgage Calculator,asset-based-mortgage,False
Mortgages & Real Estate,Mortgage Math,Asset Depletion Mortgage Calculator,asset-depletion-mortgage,False
Mortgages & Real Estate,Mortgage Math,Bimonthly Mortgage Calculator,bimonthly-mortgage,False
Mortgages & Real Estate,Mortgage Math,Biweekly vs monthly payments,biweekly-vs-monthly-payments,False
Mortgages & Real Estate,Mortgage Math,Blended Rate Mortgage Calculator,blended-rate-mortgage,False
Mortgages & Real Estate,Mortgage Math,Buy Sell Mortgage Calculator,buy-sell-mortgage,False
Mortgages & Real Estate,Mortgage Math,Buy vs build (construction loan),buy-vs-build-construction-loan,False
Mortgages & Real Estate,Mortgage Math,Cash Flow Mortgage Calculator,cash-flow-mortgage,False
Mortgages & Real Estate,Mortgage Math,Closing Balance Calculator,closing-balance,False
Mortgages & Real Estate,Mortgage Math,Closing Cost Percentage Calculator,closing-cost-percentage,False
Mortgages & Real Estate,Mortgage Math,Closing Date Calculator,closing-date,False
Mortgages & Real Estate,Mortgage Math,Closing Line Value Calculator,closing-line-value,False
Mortgages & Real Estate,Mortgage Math,Closing costs estimator,closing-costs-estimator,False
Mortgages & Real Estate,Mortgage Math,Commercial Mortgage Calculator,commercial-mortgage,False
Mortgages & Real Estate,Mortgage Math,Debt-to-income (DTI) ratio,debt-to-income-dti-ratio,False
Mortgages & Real Estate,Mortgage Math,Dollar Times Mortgage Calculator,dollar-times-mortgage,False
Mortgages & Real Estate,Mortgage Math,Down payment impact (LTV + PMI trigger),down-payment-impact-ltv-pmi-trigger,False
Mortgages & Real Estate,Mortgage Math,Duplex Mortgage Calculator,duplex-mortgage,False
Mortgages & Real Estate,Mortgage Math,Extra payments / early payoff date,extra-payments-early-payoff-date,False
Mortgages & Real Estate,Mortgage Math,Farm Mortgage Calculator,farm-mortgage,False
Mortgages & Real Estate,Mortgage Math,Fixed vs ARM comparison,fixed-vs-arm-comparison,False
Mortgages & Real Estate,Mortgage Math,Future Value Mortgage Calculator,future-value-mortgage,False
Mortgages & Real Estate,Mortgage Math,Guarantor Mortgage Calculator,guarantor-mortgage,False
Mortgages & Real Estate,Mortgage Math,Home Addition Value Calculator,home-addition-value,False
Mortgages & Real Estate,Mortgage Math,Home Affordability Calculator,home-affordability,False
Mortgages & Real Estate,Mortgage Math,Home Growth Calculator,home-growth,False
Mortgages & Real Estate,Mortgage Math,Home Sale Cost Basis Calculator,home-sale-cost-basis,False
Mortgages & Real Estate,Mortgage Math,Home Sale Exclusion Calculator,home-sale-exclusion,False
Mortgages & Real Estate,Mortgage Math,Home affordability (How much house can I afford?),home-affordability-how-much-house-can-i-afford,False
Mortgages & Real Estate,Mortgage Math,Home appreciation / equity growth,home-appreciation-equity-growth,False
Mortgages & Real Estate,Mortgage Math,Home equity loan (HELOAN) payment,home-equity-loan-heloan-payment,False
Mortgages & Real Estate,Mortgage Math,"Home sale net proceeds (incl. agent fees, taxes)",home-sale-net-proceeds-incl-agent-fees-taxes,False
Mortgages & Real Estate,Mortgage Math,Interest-only mortgage payment,interest-only-mortgage-payment,False
Mortgages & Real Estate,Mortgage Math,LTV Calculator,ltv,False
Mortgages & Real Estate,Mortgage Math,Lifetime Mortgage Calculator,lifetime-mortgage,False
Mortgages & Real Estate,Mortgage Math,Loan-to-value (LTV),loan-to-value-ltv,False
Mortgages & Real Estate,Mortgage Math,Mortgage APR (with fees),mortgage-apr-with-fees,False
Mortgages & Real Estate,Mortgage Math,Mortgage Accelerator Calculator,mortgage-accelerator,False
Mortgages & Real Estate,Mortgage Math,Mortgage Back Up Ratio Calculator,mortgage-back-up-ratio,False
Mortgages & Real Estate,Mortgage Math,Mortgage Buydown Calculator,mortgage-buydown,False
Mortgages & Real Estate,Mortgage Math,Mortgage Calculator,mortgage,False
Mortgages & Real Estate,Mortgage Math,Mortgage Deduction Calculator,mortgage-deduction,False
Mortgages & Real Estate,Mortgage Math,Mortgage In Retirement Calculator,mortgage-in-retirement,False
Mortgages & Real Estate,Mortgage Math,Mortgage Inflation Calculator,mortgage-inflation,False
Mortgages & Real Estate,Mortgage Math,Mortgage Maturity Date Calculator,mortgage-maturity-date,False
Mortgages & Real Estate,Mortgage Math,Mortgage Per Diem Calculator,mortgage-per-diem,False
Mortgages & Real Estate,Mortgage Math,Mortgage Profit Calculator,mortgage-profit,False
Mortgages & Real Estate,Mortgage Math,Mortgage Rate Change Calculator,mortgage-rate-change,False
Mortgages & Real Estate,Mortgage Math,Mortgage Recast Calculator,mortgage-recast,False
Mortgages & Real Estate,Mortgage Math,Mortgage amortization schedule (printable/CSV),mortgage-amortization-schedule-printable-csv,False
Mortgages & Real Estate,Mortgage Math,Mortgage comparison (side-by-side loans),mortgage-comparison-side-by-side-loans,False
Mortgages & Real Estate,Mortgage Math,Mortgage payment (PITI/PMI) + full amortization,mortgage-payment-piti-pmi-full-amortization,False
Mortgages & Real Estate,Mortgage Math,Mortgage payoff accelerator (one-time + recurring extra),mortgage-payoff-accelerator-one-time-recurring-extra,False
Mortgages & Real Estate,Mortgage Math,Mortgage recast impact,mortgage-recast-impact,False
Mortgages & Real Estate,Mortgage Math,Multiple Mortgage Calculator,multiple-mortgage,False
Mortgages & Real Estate,Mortgage Math,Offset Mortgage Calculator,offset-mortgage,False
Mortgages & Real Estate,Mortgage Math,PITI Calculator,piti,False
Mortgages & Real Estate,Mortgage Math,PMI removal date (reach 80% LTV),pmi-removal-date-reach-80-ltv,False
Mortgages & Real Estate,Mortgage Math,PMI vs LPMI (lender-paid PMI) breakeven,pmi-vs-lpmi-lender-paid-pmi-breakeven,False
Mortgages & Real Estate,Mortgage Math,Points vs rate (discount-points breakeven),points-vs-rate-discount-points-breakeven,False
Mortgages & Real Estate,Mortgage Math,Remaining Mortgage Balance Calculator,remaining-mortgage-balance,False
Mortgages & Real Estate,Mortgage Math,Remove Pmi Calculator,remove-pmi,False
Mortgages & Real Estate,Mortgage Math,Reverse Mortgage Calculator,reverse-mortgage,False
Mortgages & Real Estate,Mortgage Math,Second mortgage / blended rate,second-mortgage-blended-rate,False
Mortgages & Real Estate,Mortgage Math,Self-Employed Mortgage Calculator,self-employed-mortgage,False
Mortgages & Real Estate,Mortgage Math,Seller Financed Mortgage Calculator,seller-financed-mortgage,False
Mortgages & Real Estate,Mortgage Math,Stay At Home Mom Salary Calculator,stay-at-home-mom-salary,False
Mortgages & Real Estate,Refinance & Cash-out,Cash-out refinance (new payment + cash received),cash-out-refinance-new-payment-cash-received,False
Mortgages & Real Estate,Refinance & Cash-out,FHA upfront MIP refund estimator (streamline refi),fha-upfront-mip-refund-estimator-streamline-refi,False
Mortgages & Real Estate,Refinance & Cash-out,HELOC vs cash-out refinance comparator,heloc-vs-cash-out-refinance-comparator,False
Mortgages & Real Estate,Refinance & Cash-out,Refinance savings + breakeven months,refinance-savings-breakeven-months,False
Mortgages & Real Estate,Renting & Landlord,25 Times The Monthly Rent Calculator,25-times-the-monthly-rent,False
Mortgages & Real Estate,Renting & Landlord,40X Rent Rule Calculator,40x-rent-rule,False
Mortgages & Real Estate,Renting & Landlord,5 Times The Rent Calculator,5-times-the-rent,False
Mortgages & Real Estate,Renting & Landlord,Accelerated Rent Calculator,accelerated-rent,False
Mortgages & Real Estate,Renting & Landlord,All Rent Calculators,all-rent,False
Mortgages & Real Estate,Renting & Landlord,Bus Rental Cost Calculator,bus-rental-cost,False
Mortgages & Real Estate,Renting & Landlord,Compound Rent Calculator,compound-rent,False
Mortgages & Real Estate,Renting & Landlord,Current Constant Dollars Calculator,current-constant-dollars,False
Mortgages & Real Estate,Renting & Landlord,Current Liabilities Calculator,current-liabilities,False
Mortgages & Real Estate,Renting & Landlord,Current Ratio Calculator,current-ratio,False
Mortgages & Real Estate,Renting & Landlord,Current Transfer Ratio Calculator,current-transfer-ratio,False
Mortgages & Real Estate,Renting & Landlord,Daily Rent Calculator,daily-rent,False
Mortgages & Real Estate,Renting & Landlord,Holdover Rent Calculator,holdover-rent,False
Mortgages & Real Estate,Renting & Landlord,Income Rent Ratio Calculator,income-rent-ratio,False
Mortgages & Real Estate,Renting & Landlord,Income-Based Rent Calculator,income-based-rent,False
Mortgages & Real Estate,Renting & Landlord,Loss Of Rent Calculator,loss-of-rent,False
Mortgages & Real Estate,Renting & Landlord,Monthly To Daily Rent Calculator,monthly-to-daily-rent,False
Mortgages & Real Estate,Renting & Landlord,Monthly To Weekly Rent Calculator,monthly-to-weekly-rent,False
Mortgages & Real Estate,Renting & Landlord,Move Out Rent Calculator,move-out-rent,False
Mortgages & Real Estate,Renting & Landlord,Occupational Rent Calculator,occupational-rent,False
Mortgages & Real Estate,Renting & Landlord,Office Rent Calculator,office-rent,False
Mortgages & Real Estate,Renting & Landlord,Parking Lot Rent Calculator,parking-lot-rent,False
Mortgages & Real Estate,Renting & Landlord,Prepaid Rent Calculator,prepaid-rent,False
Mortgages & Real Estate,Renting & Landlord,Price-to-Rent Ratio Calculator,price-to-rent-ratio,False
Mortgages & Real Estate,Renting & Landlord,Rent Budget Calculator – How much should I spend on rent?,rent-budget-how-much-should-i-spend-on-rent,False
Mortgages & Real Estate,Renting & Landlord,Rent Burden Calculator,rent-burden,False
Mortgages & Real Estate,Renting & Landlord,Rent Calculator,rent,False
Mortgages & Real Estate,Renting & Landlord,Rent Concession Calculator,rent-concession,False
Mortgages & Real Estate,Renting & Landlord,Rent Deposit Calculator,rent-deposit,False
Mortgages & Real Estate,Renting & Landlord,Rent Factor Calculator,rent-factor,False
Mortgages & Real Estate,Renting & Landlord,Rent Late Fee Calculator,rent-late-fee,False
Mortgages & Real Estate,Renting & Landlord,Rent Per Sq Ft Calculator,rent-per-sq-ft,False
Mortgages & Real Estate,Renting & Landlord,Rent Percentage Of Income Calculator,rent-percentage-of-income,False
Mortgages & Real Estate,Renting & Landlord,Rent Price Difference Calculator,rent-price-difference,False
Mortgages & Real Estate,Renting & Landlord,Rent Rebate Calculator,rent-rebate,False
Mortgages & Real Estate,Renting & Landlord,Rent To Value Calculator,rent-to-value,False
Mortgages & Real Estate,Renting & Landlord,Rent affordability (income-based rent),rent-affordability-income-based-rent,False
Mortgages & Real Estate,Renting & Landlord,Rent increase Calculator,rent-increase,False
Mortgages & Real Estate,Renting & Landlord,Rent increase impact,rent-increase-impact,False
Mortgages & Real Estate,Renting & Landlord,Rent vs buy,rent-vs-buy,False
Mortgages & Real Estate,Renting & Landlord,Rentable Square Footage Calculator,rentable-square-footage,False
Mortgages & Real Estate,Renting & Landlord,Rental Commission Calculator,rental-commission,False
Mortgages & Real Estate,Renting & Landlord,Rental Mortgage Calculator,rental-mortgage,False
Mortgages & Real Estate,Renting & Landlord,Split Rent By Income Calculator,split-rent-by-income,False
Mortgages & Real Estate,Taxes & Escrow,Aggregate Escrow Adjustment Calculator,aggregate-escrow-adjustment,False
Mortgages & Real Estate,Taxes & Escrow,Escrow Cling Calculator,escrow-cling,False
Mortgages & Real Estate,Taxes & Escrow,Escrow Closing Date Calculator,escrow-closing-date,False
Mortgages & Real Estate,Taxes & Escrow,Escrow Days Calculator,escrow-days,False
Mortgages & Real Estate,Taxes & Escrow,Escrow Overage Calculator,escrow-overage,False
Mortgages & Real Estate,Taxes & Escrow,Escrow Refund Calculator,escrow-refund,False
Mortgages & Real Estate,Taxes & Escrow,Escrow Shortage Calculator,escrow-shortage,False
Mortgages & Real Estate,Taxes & Escrow,Escrow estimator (property tax + homeowners insurance),escrow-estimator-property-tax-homeowners-insurance,False
Mortgages & Real Estate,Taxes & Escrow,Initial Escrow Deposit Calculator,initial-escrow-deposit,False
Mortgages & Real Estate,Taxes & Escrow,Property tax estimator (by address/state rate),property-tax-estimator-by-address-state-rate,False
Operations & Manufacturing,Ops & Production,Annual Production Capacity Calculator,annual-production-capacity,False
Operations & Manufacturing,Ops & Production,Assembly Cost Calculator,assembly-cost,False
Operations & Manufacturing,Ops & Production,Bonding Capacity Calculator,bonding-capacity,False
Operations & Manufacturing,Ops & Production,Borrowing Capacity Calculator,borrowing-capacity,False
Operations & Manufacturing,Ops & Production,Business Capacity Calculator,business-capacity,False
Operations & Manufacturing,Ops & Production,Capacity To Repay Calculator,capacity-to-repay,False
Operations & Manufacturing,Ops & Production,Capacity Utilization Calculator,capacity-utilization,False
Operations & Manufacturing,Ops & Production,Cost Of Lost Production Calculator,cost-of-lost-production,False
Operations & Manufacturing,Ops & Production,Cycle Time Calculator,cycle-time,False
Operations & Manufacturing,Ops & Production,Daily Operating Capacity Calculator,daily-operating-capacity,False
Operations & Manufacturing,Ops & Production,Epq (Economic Production Quantity) Calculator,epq-economic-production-quantity,False
Operations & Manufacturing,Ops & Production,Event Capacity Calculator,event-capacity,False
Operations & Manufacturing,Ops & Production,Film Production Wage Calculator,film-production-wage,False
Operations & Manufacturing,Ops & Production,Leontief Production Equation Calculator,leontief-production-equation,False
Operations & Manufacturing,Ops & Production,Process Cycle Time Reduction Calculator,process-cycle-time-reduction,False
Operations & Manufacturing,Ops & Production,Production Increase Calculator,production-increase,False
Operations & Manufacturing,Ops & Production,Production Line Capacity Calculator,production-line-capacity,False
Operations & Manufacturing,Ops & Production,Units of Production Depreciation Calculator,units-of-production-depreciation,False
Operations & Manufacturing,Quality & Variance,Defect Density Calculator,defect-density,False
Operations & Manufacturing,Throughput & Takt,Takt Time Calculator,takt-time,False
Operations & Manufacturing,Throughput & Takt,Throughput Time Calculator,throughput-time,False
Optional / Non-U.S.,,VAT calculator (non-U.S.),vat-calculator-non-u-s,True
Pay & Compensation (U.S.),Bonuses & Overtime,20 Hours Overtime Calculator,20-hours-overtime,False
Pay & Compensation (U.S.),Bonuses & Overtime,Bonus Factor Calculator,bonus-factor,False
Pay & Compensation (U.S.),Bonuses & Overtime,Bonus Multiplier Calculator,bonus-multiplier,False
Pay & Compensation (U.S.),Bonuses & Overtime,Bonus Percentage Calculator,bonus-percentage,False
Pay & Compensation (U.S.),Bonuses & Overtime,Bonus Shares Ratio Calculator,bonus-shares-ratio,False
Pay & Compensation (U.S.),Bonuses & Overtime,Bonus Tolerance Calculator,bonus-tolerance,False
Pay & Compensation (U.S.),Bonuses & Overtime,Bonus/commission supplemental wage tax,bonus-commission-supplemental-wage-tax,True
Pay & Compensation (U.S.),Bonuses & Overtime,Coefficient Overtime Calculator,coefficient-overtime,False
Pay & Compensation (U.S.),Bonuses & Overtime,Density Bonus Calculator,density-bonus,False
Pay & Compensation (U.S.),Bonuses & Overtime,Overtime Calculator,overtime,False
Pay & Compensation (U.S.),Bonuses & Overtime,Overtime Hours Calculator,overtime-hours,False
Pay & Compensation (U.S.),Bonuses & Overtime,Overtime Premium Calculator,overtime-premium,False
Pay & Compensation (U.S.),Bonuses & Overtime,Prorated Bonus Calculator,prorated-bonus,False
Pay & Compensation (U.S.),Bonuses & Overtime,Retention Bonus Calculator,retention-bonus,False
Pay & Compensation (U.S.),Bonuses & Overtime,Salary Plus Overtime Calculator,salary-plus-overtime,False
Pay & Compensation (U.S.),Bonuses & Overtime,Shift Differential Overtime Calculator,shift-differential-overtime,False
Pay & Compensation (U.S.),Bonuses & Overtime,Straight Time Overtime Calculator,straight-time-overtime,False
Pay & Compensation (U.S.),Bonuses & Overtime,Weighted Overtime Calculator,weighted-overtime,False
Pay & Compensation (U.S.),Compensation Math,10 Month Salary Calculator,10-month-salary,False
Pay & Compensation (U.S.),Compensation Math,1099 vs W-2 take-home comparison,1099-vs-w-2-take-home-comparison,True
Pay & Compensation (U.S.),Compensation Math,11 Month Salary Calculator,11-month-salary,False
Pay & Compensation (U.S.),Compensation Math,13Th Month Salary Calculator,13th-month-salary,False
Pay & Compensation (U.S.),Compensation Math,3 Months Salary Calculator,3-months-salary,False
Pay & Compensation (U.S.),Compensation Math,30 Percent Salary Increase Calculator,30-percent-salary-increase,False
Pay & Compensation (U.S.),Compensation Math,60 Percent Of Salary Calculator,60-percent-of-salary,False
Pay & Compensation (U.S.),Compensation Math,80 20 Salary Calculator,80-20-salary,False
Pay & Compensation (U.S.),Compensation Math,Adjunct Salary Calculator,adjunct-salary,False
Pay & Compensation (U.S.),Compensation Math,Advance Salary Calculator,advance-salary,False
Pay & Compensation (U.S.),Compensation Math,Annual To Bi Weekly Salary Calculator,annual-to-bi-weekly-salary,False
Pay & Compensation (U.S.),Compensation Math,Backdated Salary Calculator,backdated-salary,False
Pay & Compensation (U.S.),Compensation Math,Backdated Salary Increase Calculator,backdated-salary-increase,False
Pay & Compensation (U.S.),Compensation Math,Benefits value (health/dental/vision) estimator,benefits-value-health-dental-vision-estimator,True
Pay & Compensation (U.S.),Compensation Math,Buffet Tip Calculator,buffet-tip,False
Pay & Compensation (U.S.),Compensation Math,Catering Tip Calculator,catering-tip,False
Pay & Compensation (U.S.),Compensation Math,Commission To Hourly Calculator,commission-to-hourly,False
Pay & Compensation (U.S.),Compensation Math,Compound Salary Increase Calculator,compound-salary-increase,False
Pay & Compensation (U.S.),Compensation Math,Consolidated Salary Calculator,consolidated-salary,False
Pay & Compensation (U.S.),Compensation Math,Daily Rate Salary Calculator,daily-rate-salary,False
Pay & Compensation (U.S.),Compensation Math,Driver Tip Calculator,driver-tip,False
Pay & Compensation (U.S.),Compensation Math,Exempt Salary Calculator,exempt-salary,False
Pay & Compensation (U.S.),Compensation Math,Federal & state income-tax estimator,federal-and-state-income-tax-estimator,True
Pay & Compensation (U.S.),Compensation Math,Furniture Delivery Tip Calculator,furniture-delivery-tip,False
Pay & Compensation (U.S.),Compensation Math,Haircut Tip Calculator,haircut-tip,False
Pay & Compensation (U.S.),Compensation Math,Hourly Pay Calculator,hourly-pay,False
Pay & Compensation (U.S.),Compensation Math,Marriage tax: joint vs separate,marriage-tax-joint-vs-separate,True
Pay & Compensation (U.S.),Compensation Math,Maximum Tip Calculator,maximum-tip,False
Pay & Compensation (U.S.),Compensation Math,Monthly To Hourly Rate Calculator,monthly-to-hourly-rate,False
Pay & Compensation (U.S.),Compensation Math,Nail Salon Tip Calculator,nail-salon-tip,False
Pay & Compensation (U.S.),Compensation Math,Night Shift Salary Calculator,night-shift-salary,False
Pay & Compensation (U.S.),Compensation Math,PTO cash-out value,pto-cash-out-value,True
Pay & Compensation (U.S.),Compensation Math,Partial Month Salary Calculator,partial-month-salary,False
Pay & Compensation (U.S.),Compensation Math,Pedicure Tip Calculator,pedicure-tip,False
Pay & Compensation (U.S.),Compensation Math,Per Diem Calculator,per-diem,False
Pay & Compensation (U.S.),Compensation Math,Percent Salary Increase Calculator,percent-salary-increase,False
Pay & Compensation (U.S.),Compensation Math,Percentage Salary Calculator,percentage-salary,False
Pay & Compensation (U.S.),Compensation Math,Prorate Salary Calculator,prorate-salary,False
Pay & Compensation (U.S.),Compensation Math,Prorated Pto Calculator,prorated-pto,False
Pay & Compensation (U.S.),Compensation Math,Reduced Salary Calculator,reduced-salary,False
Pay & Compensation (U.S.),Compensation Math,Restaurant Owner Salary Calculator,restaurant-owner-salary,False
Pay & Compensation (U.S.),Compensation Math,Salary Back Pay Calculator,salary-back-pay,False
Pay & Compensation (U.S.),Compensation Math,Salary Break Up Calculator,salary-break-up,False
Pay & Compensation (U.S.),Compensation Math,Salary Compression Calculator,salary-compression,False
Pay & Compensation (U.S.),Compensation Math,Salary Counter Offer Calculator,salary-counter-offer,False
Pay & Compensation (U.S.),Compensation Math,Salary Cut Calculator,salary-cut,False
Pay & Compensation (U.S.),Compensation Math,Salary Depreciation Calculator,salary-depreciation,False
Pay & Compensation (U.S.),Compensation Math,Salary Discount Calculator,salary-discount,False
Pay & Compensation (U.S.),Compensation Math,Salary Incentive Calculator,salary-incentive,False
Pay & Compensation (U.S.),Compensation Math,Salary Inflation Calculator,salary-inflation,False
Pay & Compensation (U.S.),Compensation Math,Salary Match Calculator,salary-match,False
Pay & Compensation (U.S.),Compensation Math,Salary Per Minute Calculator,salary-per-minute,False
Pay & Compensation (U.S.),Compensation Math,Salary Range Penetration Calculator,salary-range-penetration,False
Pay & Compensation (U.S.),Compensation Math,Salary Range Percentile Calculator,salary-range-percentile,False
Pay & Compensation (U.S.),Compensation Math,Salary Ratio Calculator,salary-ratio,False
Pay & Compensation (U.S.),Compensation Math,Seasonal Salary Calculator,seasonal-salary,False
Pay & Compensation (U.S.),Compensation Math,Self-employment & FICA tax (Schedule SE),self-employment-and-fica-tax-schedule-se,True
Pay & Compensation (U.S.),Compensation Math,Split Salary Calculator,split-salary,False
Pay & Compensation (U.S.),Compensation Math,Tattoo Tip Calculator,tattoo-tip,False
Pay & Compensation (U.S.),Compensation Math,Tip allocation (FICA) calculator,tip-allocation-fica-calculator,True
Pay & Compensation (U.S.),Compensation Math,Weighted Salary Calculator,weighted-salary,False
Pay & Compensation (U.S.),Gross‑up,Gross-up (net → gross),gross-up-net-gross,True
Pay & Compensation (U.S.),Gross‑up,Relocation / severance tax gross-up,relocation-severance-tax-gross-up,True
Pay & Compensation (U.S.),Paychecks,Gross Up Paycheck Calculator,gross-up-paycheck,False
Pay & Compensation (U.S.),Paychecks,Paycheck (50-state) net pay,paycheck-50-state-net-pay,True
Pay & Compensation (U.S.),Paychecks,Prorated Paycheck Calculator,prorated-paycheck,False
Pay & Compensation (U.S.),Withholding,RSU/ESPP take-home (withholding & net shares),rsu-espp-take-home-withholding-and-net-shares,True
Pay & Compensation (U.S.),Withholding,W-4 withholding estimator (what-if),w-4-withholding-estimator-what-if,True
Prices & Unit Economics,Unit Pricing,Aluminum Cost Per Pound Calculator,aluminum-cost-per-pound,False
Prices & Unit Economics,Unit Pricing,Asphalt Cost Per Square Foot Calculator,asphalt-cost-per-square-foot,False
Prices & Unit Economics,Unit Pricing,Average Groceries Cost Per Month Calculator,average-groceries-cost-per-month,False
Prices & Unit Economics,Unit Pricing,Build Cost Per Square Foot Calculator,build-cost-per-square-foot,False
Prices & Unit Economics,Unit Pricing,CPO (Cost Per Order) Calculator,cpo-cost-per-order,False
Prices & Unit Economics,Unit Pricing,CPS (cost per sale) Calculator,cps-cost-per-sale,False
Prices & Unit Economics,Unit Pricing,Coffee Cost Per Cup Calculator,coffee-cost-per-cup,False
Prices & Unit Economics,Unit Pricing,Corn Cost Per Acre Calculator,corn-cost-per-acre,False
Prices & Unit Economics,Unit Pricing,Cost Per 100 Calories Calculator,cost-per-100-calories,False
Prices & Unit Economics,Unit Pricing,Cost Per 100 Miles Calculator,cost-per-100-miles,False
Prices & Unit Economics,Unit Pricing,Cost Per 100 Square Foot Calculator,cost-per-100-square-foot,False
Prices & Unit Economics,Unit Pricing,Cost Per 1000 Bricks Calculator,cost-per-1000-bricks,False
Prices & Unit Economics,Unit Pricing,Cost Per 100G Calculator,cost-per-100g,False
Prices & Unit Economics,Unit Pricing,Cost Per 100Ml Calculator,cost-per-100ml,False
Prices & Unit Economics,Unit Pricing,Cost Per Acre Calculator,cost-per-acre,False
Prices & Unit Economics,Unit Pricing,Cost Per Adjusted Admission Calculator,cost-per-adjusted-admission,False
Prices & Unit Economics,Unit Pricing,Cost Per BTU Calculator,cost-per-btu,False
Prices & Unit Economics,Unit Pricing,Cost Per Bit Calculator,cost-per-bit,False
Prices & Unit Economics,Unit Pricing,Cost Per Bitcoin Calculator,cost-per-bitcoin,False
Prices & Unit Economics,Unit Pricing,Cost Per Board Foot Calculator,cost-per-board-foot,False
Prices & Unit Economics,Unit Pricing,Cost Per Brick Calculator,cost-per-brick,False
Prices & Unit Economics,Unit Pricing,Cost Per Bullet Calculator,cost-per-bullet,False
Prices & Unit Economics,Unit Pricing,Cost Per Bushel of Corn Calculator,cost-per-bushel-of-corn,False
Prices & Unit Economics,Unit Pricing,Cost Per Call Calculator,cost-per-call,False
Prices & Unit Economics,Unit Pricing,Cost Per Can Calculator,cost-per-can,False
Prices & Unit Economics,Unit Pricing,Cost Per Capita Calculator,cost-per-capita,False
Prices & Unit Economics,Unit Pricing,Cost Per Cfm Calculator,cost-per-cfm,False
Prices & Unit Economics,Unit Pricing,Cost Per Claim Calculator,cost-per-claim,False
Prices & Unit Economics,Unit Pricing,Cost Per Click Calculator,cost-per-click,False
Prices & Unit Economics,Unit Pricing,Cost Per Completed View Calculator,cost-per-completed-view,False
Prices & Unit Economics,Unit Pricing,Cost Per Component Calculator,cost-per-component,False
Prices & Unit Economics,Unit Pricing,Cost Per Contact Calculator,cost-per-contact,False
Prices & Unit Economics,Unit Pricing,Cost Per Conversion Calculator,cost-per-conversion,False
Prices & Unit Economics,Unit Pricing,Cost Per Copy Calculator,cost-per-copy,False
Prices & Unit Economics,Unit Pricing,Cost Per Credit Hour Calculator,cost-per-credit-hour,False
Prices & Unit Economics,Unit Pricing,Cost Per Cwt Calculator,cost-per-cwt,False
Prices & Unit Economics,Unit Pricing,Cost Per Day Calculator,cost-per-day,False
Prices & Unit Economics,Unit Pricing,Cost Per Day To Cost Per Month Calculator,cost-per-day-to-cost-per-month,False
Prices & Unit Economics,Unit Pricing,Cost Per Diaper Calculator,cost-per-diaper,False
Prices & Unit Economics,Unit Pricing,Cost Per Dollar Raised Calculator,cost-per-dollar-raised,False
Prices & Unit Economics,Unit Pricing,Cost Per Dose Calculator,cost-per-dose,False
Prices & Unit Economics,Unit Pricing,Cost Per Egg Calculator,cost-per-egg,False
Prices & Unit Economics,Unit Pricing,Cost Per Employee Calculator,cost-per-employee,False
Prices & Unit Economics,Unit Pricing,Cost Per Engagement (CPE) Calculator,cost-per-engagement-cpe,False
Prices & Unit Economics,Unit Pricing,Cost Per Equivalent Unit Calculator,cost-per-equivalent-unit,False
Prices & Unit Economics,Unit Pricing,Cost Per Follower Calculator,cost-per-follower,False
Prices & Unit Economics,Unit Pricing,Cost Per Gallon Calculator,cost-per-gallon,False
Prices & Unit Economics,Unit Pricing,Cost Per Gram of Silver Calculator,cost-per-gram-of-silver,False
Prices & Unit Economics,Unit Pricing,Cost Per Hour Calculator,cost-per-hour,False
Prices & Unit Economics,Unit Pricing,Cost Per Hour To Cost Per Month Calculator,cost-per-hour-to-cost-per-month,False
Prices & Unit Economics,Unit Pricing,Cost Per Hour To Cost Per Year Calculator,cost-per-hour-to-cost-per-year,False
Prices & Unit Economics,Unit Pricing,Cost Per Hp Calculator,cost-per-hp,False
Prices & Unit Economics,Unit Pricing,Cost Per Hundred Calculator,cost-per-hundred,False
Prices & Unit Economics,Unit Pricing,Cost Per Impression Calculator,cost-per-impression,False
Prices & Unit Economics,Unit Pricing,Cost Per Ingredient Calculator,cost-per-ingredient,False
Prices & Unit Economics,Unit Pricing,Cost Per Item Calculator,cost-per-item,False
Prices & Unit Economics,Unit Pricing,Cost Per Jolly Rancher Calculator,cost-per-jolly-rancher,False
Prices & Unit Economics,Unit Pricing,Cost Per Joule Calculator,cost-per-joule,False
Prices & Unit Economics,Unit Pricing,Cost Per Lead (CPL) Calculator,cost-per-lead-cpl,False
Prices & Unit Economics,Unit Pricing,Cost Per Like Calculator,cost-per-like,False
Prices & Unit Economics,Unit Pricing,Cost Per Line of Code Calculator,cost-per-line-of-code,False
Prices & Unit Economics,Unit Pricing,Cost Per Linear Foot Calculator,cost-per-linear-foot,False
Prices & Unit Economics,Unit Pricing,Cost Per Linear Yard Calculator,cost-per-linear-yard,False
Prices & Unit Economics,Unit Pricing,Cost Per Load Calculator,cost-per-load,False
Prices & Unit Economics,Unit Pricing,Cost Per M2 Calculator,cost-per-m2,False
Prices & Unit Economics,Unit Pricing,Cost Per Minute Calculator,cost-per-minute,False
Prices & Unit Economics,Unit Pricing,Cost Per Minute To Cost Per Hour Calculator,cost-per-minute-to-cost-per-hour,False
Prices & Unit Economics,Unit Pricing,Cost Per Minute To Cost Per Week Calculator,cost-per-minute-to-cost-per-week,False
Prices & Unit Economics,Unit Pricing,Cost Per Month To Cost Per Year Calculator,cost-per-month-to-cost-per-year,False
Prices & Unit Economics,Unit Pricing,Cost Per Night Calculator,cost-per-night,False
Prices & Unit Economics,Unit Pricing,Cost Per Nut Calculator,cost-per-nut,False
Prices & Unit Economics,Unit Pricing,Cost Per Occupied Room Calculator,cost-per-occupied-room,False
Prices & Unit Economics,Unit Pricing,Cost Per Ounce Calculator,cost-per-ounce,False
Prices & Unit Economics,Unit Pricing,Cost Per Outlet Calculator,cost-per-outlet,False
Prices & Unit Economics,Unit Pricing,Cost Per Page Calculator,cost-per-page,False
Prices & Unit Economics,Unit Pricing,Cost Per Patient Calculator,cost-per-patient,False
Prices & Unit Economics,Unit Pricing,Cost Per Pill Calculator,cost-per-pill,False
Prices & Unit Economics,Unit Pricing,Cost Per Point Calculator,cost-per-point,False
Prices & Unit Economics,Unit Pricing,Cost Per Portion Calculator,cost-per-portion,False
Prices & Unit Economics,Unit Pricing,Cost Per Pound Calculator,cost-per-pound,False
Prices & Unit Economics,Unit Pricing,Cost Per Pound of Copper Calculator,cost-per-pound-of-copper,False
Prices & Unit Economics,Unit Pricing,Cost Per Pound of Steel Calculator,cost-per-pound-of-steel,False
Prices & Unit Economics,Unit Pricing,Cost Per Quantity Calculator,cost-per-quantity,False
Prices & Unit Economics,Unit Pricing,Cost Per Reach Calculator,cost-per-reach,False
Prices & Unit Economics,Unit Pricing,Cost Per Reportable Test Calculator,cost-per-reportable-test,False
Prices & Unit Economics,Unit Pricing,Cost Per Result Calculator,cost-per-result,False
Prices & Unit Economics,Unit Pricing,Cost Per Round Calculator,cost-per-round,False
Prices & Unit Economics,Unit Pricing,Cost Per Second Calculator,cost-per-second,False
Prices & Unit Economics,Unit Pricing,Cost Per Second To Cost Per Hour Calculator,cost-per-second-to-cost-per-hour,False
Prices & Unit Economics,Unit Pricing,Cost Per Second To Cost Per Minute Calculator,cost-per-second-to-cost-per-minute,False
Prices & Unit Economics,Unit Pricing,Cost Per Serving Calculator,cost-per-serving,False
Prices & Unit Economics,Unit Pricing,Cost Per Session Calculator,cost-per-session,False
Prices & Unit Economics,Unit Pricing,Cost Per Share Calculator,cost-per-share,False
Prices & Unit Economics,Unit Pricing,Cost Per Sheet Calculator,cost-per-sheet,False
Prices & Unit Economics,Unit Pricing,Cost Per Shot Calculator,cost-per-shot,False
Prices & Unit Economics,Unit Pricing,Cost Per Square Cm Calculator,cost-per-square-cm,False
Prices & Unit Economics,Unit Pricing,Cost Per Square Foot Calculator,cost-per-square-foot,False
Prices & Unit Economics,Unit Pricing,Cost Per Square Inch Calculator,cost-per-square-inch,False
Prices & Unit Economics,Unit Pricing,Cost Per Student Calculator,cost-per-student,False
Prices & Unit Economics,Unit Pricing,Cost Per Tarp Calculator,cost-per-tarp,False
Prices & Unit Economics,Unit Pricing,Cost Per Tb Calculator,cost-per-tb,False
Prices & Unit Economics,Unit Pricing,Cost Per Test Calculator,cost-per-test,False
Prices & Unit Economics,Unit Pricing,Cost Per Therm Calculator,cost-per-therm,False
Prices & Unit Economics,Unit Pricing,Cost Per Ticket Calculator,cost-per-ticket,False
Prices & Unit Economics,Unit Pricing,Cost Per Ton Calculator,cost-per-ton,False
Prices & Unit Economics,Unit Pricing,Cost Per Transaction Calculator,cost-per-transaction,False
Prices & Unit Economics,Unit Pricing,Cost Per Trip Calculator,cost-per-trip,False
Prices & Unit Economics,Unit Pricing,Cost Per Unit Botox Calculator,cost-per-unit-botox,False
Prices & Unit Economics,Unit Pricing,Cost Per Unit Calculator,cost-per-unit,False
Prices & Unit Economics,Unit Pricing,Cost Per Use Calculator,cost-per-use,False
Prices & Unit Economics,Unit Pricing,Cost Per User Calculator,cost-per-user,False
Prices & Unit Economics,Unit Pricing,Cost Per Value Calculator,cost-per-value,False
Prices & Unit Economics,Unit Pricing,Cost Per View Calculator,cost-per-view,False
Prices & Unit Economics,Unit Pricing,Cost Per Visit Calculator,cost-per-visit,False
Prices & Unit Economics,Unit Pricing,Cost Per Watt Calculator,cost-per-watt,False
Prices & Unit Economics,Unit Pricing,Cost Per Watt Hour Calculator,cost-per-watt-hour,False
Prices & Unit Economics,Unit Pricing,Cost Per Wear Calculator,cost-per-wear,False
Prices & Unit Economics,Unit Pricing,Cost Per Week To Cost Per Month Calculator,cost-per-week-to-cost-per-month,False
Prices & Unit Economics,Unit Pricing,Cost Per Week To Cost Per Year Calculator,cost-per-week-to-cost-per-year,False
Prices & Unit Economics,Unit Pricing,Cost Per Window Calculator,cost-per-window,False
Prices & Unit Economics,Unit Pricing,Cost Per Window Replacement Calculator,cost-per-window-replacement,False
Prices & Unit Economics,Unit Pricing,Cost Per Year Calculator,cost-per-year,False
Prices & Unit Economics,Unit Pricing,Depreciation Cost Per Mile Calculator,depreciation-cost-per-mile,False
Prices & Unit Economics,Unit Pricing,Diamond Cost Per Carat Calculator,diamond-cost-per-carat,False
Prices & Unit Economics,Unit Pricing,Fixed Cost Per Month Calculator,fixed-cost-per-month,False
Prices & Unit Economics,Unit Pricing,Food Cost Per Meal Calculator,food-cost-per-meal,False
Prices & Unit Economics,Unit Pricing,Gold Cost Per Pound Calculator,gold-cost-per-pound,False
Prices & Unit Economics,Unit Pricing,Implied Price Per Share Calculator,implied-price-per-share,False
Prices & Unit Economics,Unit Pricing,Instagram Cost Per Impression Calculator,instagram-cost-per-impression,False
Prices & Unit Economics,Unit Pricing,Labor Cost Per Meal Calculator,labor-cost-per-meal,False
Prices & Unit Economics,Unit Pricing,Labor Cost Per Unit Calculator,labor-cost-per-unit,False
Prices & Unit Economics,Unit Pricing,Operating Cost Per Mile Calculator,operating-cost-per-mile,False
Prices & Unit Economics,Unit Pricing,Pole Barn Cost Per Square Foot Calculator,pole-barn-cost-per-square-foot,False
Prices & Unit Economics,Unit Pricing,Price Per 100 Ml Calculator,price-per-100-ml,False
Prices & Unit Economics,Unit Pricing,Price Per 100G Calculator,price-per-100g,False
Prices & Unit Economics,Unit Pricing,Price Per Btu Calculator,price-per-btu,False
Prices & Unit Economics,Unit Pricing,Price Per Copy Calculator,price-per-copy,False
Prices & Unit Economics,Unit Pricing,Price Per Cup Calculator,price-per-cup,False
Prices & Unit Economics,Unit Pricing,Price Per Cwt Calculator,price-per-cwt,False
Prices & Unit Economics,Unit Pricing,Price Per Drop Calculator,price-per-drop,False
Prices & Unit Economics,Unit Pricing,Price Per Frame Calculator,price-per-frame,False
Prices & Unit Economics,Unit Pricing,Price Per Gigabyte Calculator,price-per-gigabyte,False
Prices & Unit Economics,Unit Pricing,Price Per Gram Calculator,price-per-gram,False
Prices & Unit Economics,Unit Pricing,Price Per Gram to Price Per Kg Calculator,price-per-gram-to-price-per-kg,False
Prices & Unit Economics,Unit Pricing,Price Per Gram to Price Per Lb Calculator,price-per-gram-to-price-per-lb,False
Prices & Unit Economics,Unit Pricing,Price Per Gram to Price Per Mg Calculator,price-per-gram-to-price-per-mg,False
Prices & Unit Economics,Unit Pricing,Price Per Gram to Price Per Ounce Calculator,price-per-gram-to-price-per-ounce,False
Prices & Unit Economics,Unit Pricing,Price Per Hour Calculator,price-per-hour,False
Prices & Unit Economics,Unit Pricing,Price Per Image Calculator,price-per-image,False
Prices & Unit Economics,Unit Pricing,Price Per Inch Calculator,price-per-inch,False
Prices & Unit Economics,Unit Pricing,Price Per Kg to Price Per Gram Calculator,price-per-kg-to-price-per-gram,False
Prices & Unit Economics,Unit Pricing,Price Per Kg to Price Per Lb Calculator,price-per-kg-to-price-per-lb,False
Prices & Unit Economics,Unit Pricing,Price Per Kg to Price Per Mg Calculator,price-per-kg-to-price-per-mg,False
Prices & Unit Economics,Unit Pricing,Price Per Kg to Price Per Ounce Calculator,price-per-kg-to-price-per-ounce,False
Prices & Unit Economics,Unit Pricing,Price Per Kilometer Calculator,price-per-kilometer,False
Prices & Unit Economics,Unit Pricing,Price Per Lb to Price Per Gram Calculator,price-per-lb-to-price-per-gram,False
Prices & Unit Economics,Unit Pricing,Price Per Lb to Price Per Kg Calculator,price-per-lb-to-price-per-kg,False
Prices & Unit Economics,Unit Pricing,Price Per Lb to Price Per Ounce Calculator,price-per-lb-to-price-per-ounce,False
Prices & Unit Economics,Unit Pricing,Price Per Meter Calculator,price-per-meter,False
Prices & Unit Economics,Unit Pricing,Price Per Mg Calculator,price-per-mg,False
Prices & Unit Economics,Unit Pricing,Price Per Mg to Price Per Gram Calculator,price-per-mg-to-price-per-gram,False
Prices & Unit Economics,Unit Pricing,Price Per Mg to Price Per Kg Calculator,price-per-mg-to-price-per-kg,False
Prices & Unit Economics,Unit Pricing,Price Per Ounce Calculator,price-per-ounce,False
Prices & Unit Economics,Unit Pricing,Price Per Ounce to Price Per Gram Calculator,price-per-ounce-to-price-per-gram,False
Prices & Unit Economics,Unit Pricing,Price Per Ounce to Price Per Kg Calculator,price-per-ounce-to-price-per-kg,False
Prices & Unit Economics,Unit Pricing,Price Per Ounce to Price Per Lb Calculator,price-per-ounce-to-price-per-lb,False
Prices & Unit Economics,Unit Pricing,Price Per Percentage Calculator,price-per-percentage,False
Prices & Unit Economics,Unit Pricing,Price Per Performance Calculator,price-per-performance,False
Prices & Unit Economics,Unit Pricing,Price Per Piece Calculator,price-per-piece,False
Prices & Unit Economics,Unit Pricing,Price Per Pound Calculator,price-per-pound,False
Prices & Unit Economics,Unit Pricing,Price Per Quart Calculator,price-per-quart,False
Prices & Unit Economics,Unit Pricing,Price Per Screw Calculator,price-per-screw,False
Prices & Unit Economics,Unit Pricing,Price Per Sqm Calculator,price-per-sqm,False
Prices & Unit Economics,Unit Pricing,Price Per Unit Calculator,price-per-unit,False
Prices & Unit Economics,Unit Pricing,Price Per Yard Calculator,price-per-yard,False
Prices & Unit Economics,Unit Pricing,Price Per kg Calculator,price-per-kg,False
Prices & Unit Economics,Unit Pricing,Sales Per Hour Calculator,sales-per-hour,False
Prices & Unit Economics,Unit Pricing,Shipping Cost Per Pound Calculator,shipping-cost-per-pound,False
Prices & Unit Economics,Unit Pricing,Silver Cost Per Ounce Calculator,silver-cost-per-ounce,False
Prices & Unit Economics,Unit Pricing,Steel Cost Per Ton Calculator,steel-cost-per-ton,False
Prices & Unit Economics,Unit Pricing,Tips Per Hour Calculator,tips-per-hour,True
Prices & Unit Economics,Unit Pricing,Turkey Cost Per Pound Calculator,turkey-cost-per-pound,False
Prices & Unit Economics,Unit Pricing,Units Per Week Calculator,units-per-week,False
Real-Estate Investing,,1031 exchange capital-gains / boot estimator,1031-exchange-capital-gains-boot-estimator,False
Real-Estate Investing,,Airbnb/short-term vs long-term ROI,airbnb-short-term-vs-long-term-roi,False
Real-Estate Investing,,BRRRR analyzer (purchase → rehab → refi → rent),brrrr-analyzer-purchase-rehab-refi-rent,False
Real-Estate Investing,,Cash-out refi to recycle equity,cash-out-refi-to-recycle-equity,False
Real-Estate Investing,,Cost segregation benefit (high-level),cost-segregation-benefit-high-level,False
Real-Estate Investing,,DSCR & LTV qualification,dscr-and-ltv-qualification,False
Real-Estate Investing,,Depreciation (MACRS) schedule & recapture,depreciation-macrs-schedule-and-recapture,False
Real-Estate Investing,,"Fix-and-flip profit (ARV, rehab budget)",fix-and-flip-profit-arv-rehab-budget,False
Real-Estate Investing,,Landlord breakeven rent (expense coverage),landlord-breakeven-rent-expense-coverage,False
Real-Estate Investing,,"Net operating income (NOI), vacancy & expense ratios",net-operating-income-noi-vacancy-and-expense-ratios,False
Real-Estate Investing,,"Rental property cash flow & ROI (cap rate, cash-on-cash)",rental-property-cash-flow-and-roi-cap-rate-cash-on-cash,False
Real‑Estate Investing,Investor Math,Cash on Cash Return Calculator,cash-on-cash-return,False
Retirement,,401(k) save the max (match optimizer),401-k-save-the-max-match-optimizer,False
Retirement,,401(k)/403(b)/457(b) growth (employer match),401-k-403-b-457-b-growth-employer-match,False
Retirement,,"Annuity payout (SPIA/DIA; period-certain, life)",annuity-payout-spia-dia-period-certain-life,False
Retirement,,Early withdrawal penalty & taxes,early-withdrawal-penalty-and-taxes,False
Retirement,,Medicare IRMAA surcharge estimator,medicare-irmaa-surcharge-estimator,False
Retirement,,Net unrealized appreciation (NUA) decision helper,net-unrealized-appreciation-nua-decision-helper,False
Retirement,,Pension benefit (annuity vs lump sum),pension-benefit-annuity-vs-lump-sum,False
Retirement,,Qualified charitable distribution (QCD) impact,qualified-charitable-distribution-qcd-impact,False
Retirement,,Required Minimum Distribution (RMD) calculator,required-minimum-distribution-rmd-calculator,False
Retirement,,Retirement income (decumulation) analysis,retirement-income-decumulation-analysis,False
Retirement,,Retirement planner (goal-based accumulation),retirement-planner-goal-based-accumulation,False
Retirement,,Retirement savings analysis (gap to target),retirement-savings-analysis-gap-to-target,False
Retirement,,Roth 5-year rule timer,roth-5-year-rule-timer,False
Retirement,,Roth IRA & IRA growth,roth-ira-and-ira-growth,False
Retirement,,Roth conversion (marginal-bracket fill),roth-conversion-marginal-bracket-fill,False
Retirement,,Safe withdrawal rate (4%/guardrails; Monte-Carlo lite),safe-withdrawal-rate-4-guardrails-monte-carlo-lite,False
Retirement,,Social Security breakeven & claiming age,social-security-breakeven-and-claiming-age,False
Retirement,,Social Security estimator,social-security-estimator,False
Retirement,,Social Security spousal/survivor strategy estimator,social-security-spousal-survivor-strategy-estimator,False
Retirement,,Tax-efficient withdrawal order (taxable / tax-deferred / Roth),tax-efficient-withdrawal-order-taxable-tax-deferred-roth,False
Retirement,,Traditional vs Roth (tax breakeven),traditional-vs-roth-tax-breakeven,False
Retirement (U.S.),Planning & Withdrawals,3 Percent Rule Retirement Calculator,3-percent-rule-retirement,False
Retirement (U.S.),Planning & Withdrawals,7 Percent Rule Retirement Calculator,7-percent-rule-retirement,False
Retirement (U.S.),Planning & Withdrawals,Backwards Retirement Calculator,backwards-retirement,False
Retirement (U.S.),Planning & Withdrawals,Compound Annuity Calculator,compound-annuity,False
Retirement (U.S.),Planning & Withdrawals,Compound Retirement Calculator,compound-retirement,False
Retirement (U.S.),Planning & Withdrawals,Couple Retirement Calculator,couple-retirement,False
Retirement (U.S.),Planning & Withdrawals,Days To Retirement Calculator,days-to-retirement,False
Retirement (U.S.),Planning & Withdrawals,Drop Retirement Calculator,drop-retirement,False
Retirement (U.S.),Planning & Withdrawals,Inflation Adjusted Retirement Calculator,inflation-adjusted-retirement,False
Retirement (U.S.),Planning & Withdrawals,Net Retirement Income Calculator,net-retirement-income,False
Retirement (U.S.),Planning & Withdrawals,Ordinary Annuity Calculator,ordinary-annuity,False
Retirement (U.S.),Planning & Withdrawals,Present Value Of Growing Annuity Calculator,present-value-of-growing-annuity,False
Retirement (U.S.),Planning & Withdrawals,Retirement Bucket Calculator,retirement-bucket,False
Retirement (U.S.),Planning & Withdrawals,Retirement Burn Rate Calculator,retirement-burn-rate,False
Retirement (U.S.),Planning & Withdrawals,Retirement Decumulation Calculator,retirement-decumulation,False
Retirement (U.S.),Planning & Withdrawals,Retirement Distribution Calculator,retirement-distribution,False
Retirement (U.S.),Planning & Withdrawals,Retirement Nest Egg Calculator,retirement-nest-egg,False
Retirement (U.S.),Planning & Withdrawals,Retirement Probability Of Success Calculator,retirement-probability-of-success,False
Retirement (U.S.),Planning & Withdrawals,Retirement Ratio Calculator,retirement-ratio,False
Retirement (U.S.),Planning & Withdrawals,Retirement Years Calculator,retirement-years,False
Retirement (U.S.),Planning & Withdrawals,Teacher Retirement Calculator,teacher-retirement,False
Small Business & Accounting,,Absentee Payroll Calculator,absentee-payroll,False
Small Business & Accounting,,Accounting Ratio Calculator,accounting-ratio,False
Small Business & Accounting,,Adjusted Gearing Ratio Calculator,adjusted-gearing-ratio,False
Small Business & Accounting,,Allocation Ratio Calculator,allocation-ratio,False
Small Business & Accounting,,Anticipation Ratio Calculator,anticipation-ratio,False
Small Business & Accounting,,Applied Overhead Calculator,applied-overhead,False
Small Business & Accounting,,Asset Maintenance Ratio Calculator,asset-maintenance-ratio,False
Small Business & Accounting,,Asset Quality Ratio Calculator,asset-quality-ratio,False
Small Business & Accounting,,Asset Turnover Ratio Calculator,asset-turnover-ratio,False
Small Business & Accounting,,Attachment Ratio Calculator,attachment-ratio,False
Small Business & Accounting,,Attritional Loss Ratio Calculator,attritional-loss-ratio,False
Small Business & Accounting,,Audit Ratio Calculator,audit-ratio,False
Small Business & Accounting,,Back-End Ratio Calculator,back-end-ratio,False
Small Business & Accounting,,Backlog Ratio Calculator,backlog-ratio,False
Small Business & Accounting,,Balance-sheet & income-statement analysis (ratios),balance-sheet-and-income-statement-analysis-ratios,False
Small Business & Accounting,,Bias Ratio Calculator,bias-ratio,False
Small Business & Accounting,,Bid To Cover Ratio Calculator,bid-to-cover-ratio,False
Small Business & Accounting,,Break-even analysis (units & dollars),break-even-analysis-units-and-dollars,False
Small Business & Accounting,,Building Allocation Ratio Calculator,building-allocation-ratio,False
Small Business & Accounting,,Business forecast / growth projections,business-forecast-growth-projections,False
Small Business & Accounting,,Business line of credit (LOC) interest/cost,business-line-of-credit-loc-interest-cost,False
Small Business & Accounting,,CAC payback period (SaaS),cac-payback-period-saas,False
Small Business & Accounting,,Cape Ratio Calculator,cape-ratio,False
Small Business & Accounting,,Capital Adequacy Ratio Calculator,capital-adequacy-ratio,False
Small Business & Accounting,,Capital Labor Ratio Calculator,capital-labor-ratio,False
Small Business & Accounting,,Cash Coverage Ratio Calculator,cash-coverage-ratio,False
Small Business & Accounting,,Cash Deposit Ratio Calculator,cash-deposit-ratio,False
Small Business & Accounting,,Cash Ratio Calculator,cash-ratio,False
Small Business & Accounting,,Cash runway (burn rate),cash-runway-burn-rate,False
Small Business & Accounting,,Cash‑Flow to Price Ratio Calculator,cash-flow-to-price-ratio,False
Small Business & Accounting,,Cbr Ratio Calculator,cbr-ratio,False
Small Business & Accounting,,Cd Ratio Calculator,cd-ratio,False
Small Business & Accounting,,Change in Net Working Capital Calculator,change-in-net-working-capital,False
Small Business & Accounting,,Chargeback Threshold Ratio Calculator,chargeback-threshold-ratio,False
Small Business & Accounting,,Click To Reach Ratio Calculator,click-to-reach-ratio,False
Small Business & Accounting,,Collateral Coverage Ratio Calculator,collateral-coverage-ratio,False
Small Business & Accounting,,Column Ratio Calculator,column-ratio,False
Small Business & Accounting,,"Common financial ratios (liquidity, leverage, efficiency)",common-financial-ratios-liquidity-leverage-efficiency,False
Small Business & Accounting,,Compensation Ratio Calculator,compensation-ratio,False
Small Business & Accounting,,Compound Ratio Calculator,compound-ratio,False
Small Business & Accounting,,Concentration Ratio Calculator,concentration-ratio,False
Small Business & Accounting,,Consumption Ratio Calculator,consumption-ratio,False
Small Business & Accounting,,Contract Duration Calculator,contract-duration,False
Small Business & Accounting,,Contractor vs employee total cost,contractor-vs-employee-total-cost,False
Small Business & Accounting,,Contribution Margin Per Machine Hour Calculator,contribution-margin-per-machine-hour,False
Small Business & Accounting,,Contribution margin & operating leverage,contribution-margin-and-operating-leverage,False
Small Business & Accounting,,Conversion Ratio Calculator,conversion-ratio,False
Small Business & Accounting,,Copper/Gold Ratio Calculator,copper-gold-ratio,False
Small Business & Accounting,,Cost Income Ratio Calculator,cost-income-ratio,False
Small Business & Accounting,,Cost Recovery Ratio Calculator,cost-recovery-ratio,False
Small Business & Accounting,,Cost To Retail Ratio Calculator,cost-to-retail-ratio,False
Small Business & Accounting,,Cost of Goods Manufactured Calculator (COGM),cost-of-goods-manufactured-cogm,False
Small Business & Accounting,,Cost of Goods Purchased Calculator,cost-of-goods-purchased,False
Small Business & Accounting,,Cost of Goods Sold Calculator,cost-of-goods-sold,False
Small Business & Accounting,,Cumulative Yield Ratio Calculator,cumulative-yield-ratio,False
Small Business & Accounting,,Cycle Ratio Calculator,cycle-ratio,False
Small Business & Accounting,,Demand Ratio Calculator,demand-ratio,False
Small Business & Accounting,,Diamond Cut Score (Length to Width Ratio) Calculator,diamond-cut-score-length-to-width-ratio,False
Small Business & Accounting,,Diversification Ratio Calculator,diversification-ratio,False
Small Business & Accounting,,Draw Ratio Calculator,draw-ratio,False
Small Business & Accounting,,Earnings Revision Ratio Calculator,earnings-revision-ratio,False
Small Business & Accounting,,Efficiency Ratio Calculator,efficiency-ratio,False
Small Business & Accounting,,Employment Duration Calculator,employment-duration,False
Small Business & Accounting,,Employment To Population Ratio Calculator,employment-to-population-ratio,False
Small Business & Accounting,,Equity To Asset Ratio Calculator,equity-to-asset-ratio,False
Small Business & Accounting,,Executive Pay Ratio Calculator,executive-pay-ratio,False
Small Business & Accounting,,Expected Loss Ratio Calculator,expected-loss-ratio,False
Small Business & Accounting,,Financial Covenant Ratio Calculator,financial-covenant-ratio,False
Small Business & Accounting,,Flow Ratio Calculator,flow-ratio,False
Small Business & Accounting,,Fundraising Efficiency Ratio Calculator,fundraising-efficiency-ratio,False
Small Business & Accounting,,Gain To Pain Ratio Calculator,gain-to-pain-ratio,False
Small Business & Accounting,,Gross Enrollment Ratio Calculator,gross-enrollment-ratio,False
Small Business & Accounting,,Headcount Ratio Calculator,headcount-ratio,False
Small Business & Accounting,,Impact Ratio Calculator,impact-ratio,False
Small Business & Accounting,,Import Cover Ratio Calculator,import-cover-ratio,False
Small Business & Accounting,,Inclusion Ratio Calculator,inclusion-ratio,False
Small Business & Accounting,,Income To Cost Of Living Ratio Calculator,income-to-cost-of-living-ratio,False
Small Business & Accounting,,Inventory Quality Ratio Calculator,inventory-quality-ratio,False
Small Business & Accounting,,Inventory To Sales Ratio Calculator,inventory-to-sales-ratio,False
Small Business & Accounting,,Inventory Turnover Ratio Calculator,inventory-turnover-ratio,False
Small Business & Accounting,,Invoice Late Fee Calculator,invoice-late-fee,False
Small Business & Accounting,,Invoice factoring cost (implied APR),invoice-factoring-cost-implied-apr,False
Small Business & Accounting,,LTV:CAC ratio,ltv-cac-ratio,False
Small Business & Accounting,,Labor To Revenue Ratio Calculator,labor-to-revenue-ratio,False
Small Business & Accounting,,Land To Asset Ratio Calculator,land-to-asset-ratio,False
Small Business & Accounting,,Lease Duration Calculator,lease-duration,False
Small Business & Accounting,,Liquidity Pool Fee Calculator,liquidity-pool-fee,False
Small Business & Accounting,,Liquidity Premium Calculator,liquidity-premium,False
Small Business & Accounting,,Liquidity Ratio Calculator,liquidity-ratio,False
Small Business & Accounting,,M E Ratio Calculator,m-e-ratio,False
Small Business & Accounting,,"MRR/ARR growth, churn & retention math",mrr-arr-growth-churn-and-retention-math,False
Small Business & Accounting,,Management To Staff Ratio Calculator,management-to-staff-ratio,False
Small Business & Accounting,,Manufacturing Overhead Calculator,manufacturing-overhead,False
Small Business & Accounting,,Margin & markup,margin-and-markup,False
Small Business & Accounting,,Mark Space Ratio Calculator,mark-space-ratio,False
Small Business & Accounting,,Merchant cash advance (factor rate → APR),merchant-cash-advance-factor-rate-apr,False
Small Business & Accounting,,Modified Duration Calculator,modified-duration,False
Small Business & Accounting,,Naic Rbc Ratio Calculator,naic-rbc-ratio,False
Small Business & Accounting,,Net Hire Ratio Calculator,net-hire-ratio,False
Small Business & Accounting,,Net Npl Ratio Calculator,net-npl-ratio,False
Small Business & Accounting,,Net Servicing Ratio Calculator,net-servicing-ratio,False
Small Business & Accounting,,Net Surplus Ratio Calculator,net-surplus-ratio,False
Small Business & Accounting,,Net Worth To Income Ratio Calculator,net-worth-to-income-ratio,False
Small Business & Accounting,,P To C Ratio Calculator,p-to-c-ratio,False
Small Business & Accounting,,P/C Ratio Calculator,p-c-ratio,False
Small Business & Accounting,,Payroll Expense Calculator,payroll-expense,False
Small Business & Accounting,,Payroll tax (FUTA/SUTA/FICA shares),payroll-tax-futa-suta-fica-shares,False
Small Business & Accounting,,Peak To Valley Ratio Calculator,peak-to-valley-ratio,False
Small Business & Accounting,,Permissible Loss Ratio Calculator,permissible-loss-ratio,False
Small Business & Accounting,,Persistency Ratio Calculator,persistency-ratio,False
Small Business & Accounting,,Placement Ratio Calculator,placement-ratio,False
Small Business & Accounting,,Predetermined Overhead Rate Calculator,predetermined-overhead-rate,False
Small Business & Accounting,,Preferred Cost Revenue Ratio Calculator,preferred-cost-revenue-ratio,False
Small Business & Accounting,,Price To Income Ratio Calculator,price-to-income-ratio,False
Small Business & Accounting,,Price/Earnings Ratio Calculator,price-earnings-ratio,False
Small Business & Accounting,,Productivity Ratio Calculator,productivity-ratio,False
Small Business & Accounting,,Profitability Ratio Calculator,profitability-ratio,False
Small Business & Accounting,,Proprietary Ratio Calculator,proprietary-ratio,False
Small Business & Accounting,,Provision Ratio Calculator,provision-ratio,False
Small Business & Accounting,,Proxy To Task Ratio Calculator,proxy-to-task-ratio,False
Small Business & Accounting,,Pti (Payment-to-Income) Ratio Calculator,pti-payment-to-income-ratio,False
Small Business & Accounting,,QBI (§199A) deduction estimator,qbi-199a-deduction-estimator,False
Small Business & Accounting,,Quick Ratio Calculator,quick-ratio,False
Small Business & Accounting,,Reserve Ratio Calculator,reserve-ratio,False
Small Business & Accounting,,S-corp vs sole prop payroll-tax savings,s-corp-vs-sole-prop-payroll-tax-savings,False
Small Business & Accounting,,SBA 7(a)/504 loan payment & fees,sba-7-a-504-loan-payment-and-fees,False
Small Business & Accounting,,SPR – Stack to Pot Ratio – Calculator,spr-stack-to-pot-ratio,False
Small Business & Accounting,,Sale To List Ratio Calculator,sale-to-list-ratio,False
Small Business & Accounting,,Sales Quota Ratio Calculator,sales-quota-ratio,False
Small Business & Accounting,,Sales tax by state (quick blend),sales-tax-by-state-quick-blend,False
Small Business & Accounting,,Section 179 vs bonus depreciation optimizer,section-179-vs-bonus-depreciation-optimizer,False
Small Business & Accounting,,Segment Ratio Calculator,segment-ratio,False
Small Business & Accounting,,Selection Ratio Calculator,selection-ratio,False
Small Business & Accounting,,Serviceability Ratio Calculator,serviceability-ratio,False
Small Business & Accounting,,Solvency Ratio Calculator,solvency-ratio,False
Small Business & Accounting,,Stock To Sales Ratio Calculator,stock-to-sales-ratio,False
Small Business & Accounting,,Traffic To Lead Ratio Calculator,traffic-to-lead-ratio,False
Small Business & Accounting,,Unadjusted Cost of Goods Sold Calculator,unadjusted-cost-of-goods-sold,False
Small Business & Accounting,,Upside Capture Ratio Calculator,upside-capture-ratio,False
Small Business & Accounting,,Variable Overhead Calculator,variable-overhead,False
"Stocks, Options & Risk",Options,Adoption Credit Calculator,adoption-credit,False
"Stocks, Options & Risk",Options,Black-Scholes option pricing,black-scholes-option-pricing,False
"Stocks, Options & Risk",Options,Option Delta Calculator,option-delta,False
"Stocks, Options & Risk",Options,"Option Greeks (Δ, Γ, Θ, Vega, ρ)",option-greeks-vega,False
"Stocks, Options & Risk",Options,Options Contract Calculator,options-contract,False
"Stocks, Options & Risk",Options,Options P/L (single & multi-leg visualizer),options-p-l-single-and-multi-leg-visualizer,False
"Stocks, Options & Risk",Risk,Value At Risk (VAR) Calculator,value-at-risk-var,False
"Stocks, Options & Risk",Trading Tools,Constant-growth (Gordon) valuation,constant-growth-gordon-valuation,False
"Stocks, Options & Risk",Trading Tools,Covered-call payoff & annualized yield,covered-call-payoff-and-annualized-yield,False
"Stocks, Options & Risk",Trading Tools,Delta Hedge Calculator,delta-hedge,False
"Stocks, Options & Risk",Trading Tools,Holding-period return (total return),holding-period-return-total-return,False
"Stocks, Options & Risk",Trading Tools,MACD Calculator,macd,False
"Stocks, Options & Risk",Trading Tools,Multi-stage growth valuation,multi-stage-growth-valuation,False
"Stocks, Options & Risk",Trading Tools,Protective put / collar analyzer,protective-put-collar-analyzer,False
"Stocks, Options & Risk",Trading Tools,RSI (Relative Strength Index) Calculator,rsi-relative-strength-index,False
"Stocks, Options & Risk",Trading Tools,Short Squeeze Calculator,short-squeeze,False
"Stocks, Options & Risk",Trading Tools,"Technical levels: pivot points, Fibonacci",technical-levels-pivot-points-fibonacci,False
"Stocks, Options & Risk",Trading Tools,VWAP (Volume Average Weighted Pricing) Calculator,vwap-volume-average-weighted-pricing,False
"Stocks, Options & Risk",Trading Tools,WACC (weighted average cost of capital),wacc-weighted-average-cost-of-capital,False
Student Loans & Education,,College cost planner,college-cost-planner,False
Student Loans & Education,,College savings (529) target,college-savings-529-target,False
Student Loans & Education,,FAFSA SAI (formerly EFC) – simplified estimate,fafsa-sai-formerly-efc-simplified-estimate,False
Student Loans & Education,,PSLF tracker & forgiveness timeline (high-level),pslf-tracker-and-forgiveness-timeline-high-level,False
Student Loans & Education,,SAVE plan interest subsidy estimator,save-plan-interest-subsidy-estimator,False
Student Loans & Education,,SAVE/REPAYE/PAYE planner (monthly + total),save-repaye-paye-planner-monthly-total,False
Student Loans & Education,,Student-loan interest deduction (tax benefit),student-loan-interest-deduction-tax-benefit,False
Student Loans & Education,,Student-loan payment (standard vs IDR),student-loan-payment-standard-vs-idr,False
Student Loans & Education,,Student-loan refinance breakeven,student-loan-refinance-breakeven,False
Taxes (U.S.) – Individual,Credits,529 state tax deduction/credit,529-state-tax-deduction-credit,True
Taxes (U.S.) – Individual,Credits,Child & dependent care credit,child-and-dependent-care-credit,True
Taxes (U.S.) – Individual,Credits,Child tax credit (CTC),child-tax-credit-ctc,True
Taxes (U.S.) – Individual,Credits,Earned income tax credit (EITC),earned-income-tax-credit-eitc,True
Taxes (U.S.) – Individual,Credits,Energy credits (EV/clean energy basics),energy-credits-ev-clean-energy-basics,True
Taxes (U.S.) – Individual,Deductions,Itemized vs standard deduction (SALT cap),itemized-vs-standard-deduction-salt-cap,True
Taxes (U.S.) – Individual,Deductions,SALT deduction cap impact (IRC §164),salt-deduction-cap-impact-irc-164,True
Taxes (U.S.) – Individual,Income Taxes,AMT estimator,amt-estimator,True
Taxes (U.S.) – Individual,Income Taxes,After-Tax Yield Calculator,after-tax-yield,False
Taxes (U.S.) – Individual,Income Taxes,Cash Wedding Gift Calculator,cash-wedding-gift,False
Taxes (U.S.) – Individual,Income Taxes,Commission Tax Calculator,commission-tax,False
Taxes (U.S.) – Individual,Income Taxes,Estimated quarterly taxes (safe-harbor),estimated-quarterly-taxes-safe-harbor,True
Taxes (U.S.) – Individual,Income Taxes,Federal & state income tax calculator,federal-and-state-income-tax-calculator,True
Taxes (U.S.) – Individual,Income Taxes,Gift & estate tax calculator,gift-and-estate-tax-calculator,True
Taxes (U.S.) – Individual,Income Taxes,HSA / FSA tax savings,hsa-fsa-tax-savings,True
Taxes (U.S.) – Individual,Income Taxes,ISO/NSO stock options tax estimator,iso-nso-stock-options-tax-estimator,True
Taxes (U.S.) – Individual,Income Taxes,NIIT (3.8%) – net investment income tax,niit-3-8-net-investment-income-tax,True
Taxes (U.S.) – Individual,Income Taxes,Prorated Tax Calculator,prorated-tax,False
Taxes (U.S.) – Individual,Income Taxes,Reverse Sales Tax Calculator,reverse-sales-tax,False
Taxes (U.S.) – Individual,Income Taxes,Tab (Tax Amortisation Benefit Factor) Calculator,tab-tax-amortisation-benefit-factor,False
Taxes (U.S.) – Individual,Income Taxes,Tax Savings Calculator,tax-savings,False
Taxes (U.S.) – Individual,Investment Taxes,Capital gains & qualified dividends tax,capital-gains-and-qualified-dividends-tax,True
Taxes (U.S.) – Individual,Property & SALT,Property tax estimator,property-tax-estimator,True
Time Value of Money (TVM),TVM,Annuity due vs ordinary annuity,annuity-due-vs-ordinary-annuity,False
Time Value of Money (TVM),TVM,Discount Factor Calculator,discount-factor,False
Time Value of Money (TVM),TVM,Future value (FV),future-value-fv,False
Time Value of Money (TVM),TVM,Growing Perpetuity Calculator,growing-perpetuity,False
Time Value of Money (TVM),TVM,Payment (PMT) / annuity,payment-pmt-annuity,False
Time Value of Money (TVM),TVM,Perpetuity & growing perpetuity,perpetuity-and-growing-perpetuity,False
Time Value of Money (TVM),TVM,Present value (PV),present-value-pv,False
Time Value of Money (TVM),TVM,Pv Of Lease Calculator,pv-of-lease,False
Time Value of Money (TVM),TVM,Rule of 72,rule-of-72,False
Time Value of Money (TVM),TVM,"TVM solver (PV, FV, N, I/Y, PMT)",tvm-solver-pv-fv-n-i-y-pmt,False
Time Value of Money (TVM),TVM,XIRR (dated cash flows),xirr-dated-cash-flows,False
Valuation & Corporate Finance,Valuation,AOV (Average Order Value) Calculator,aov-average-order-value,False
Valuation & Corporate Finance,Valuation,Acreage Value Calculator,acreage-value,False
Valuation & Corporate Finance,Valuation,Actual Cash Value Calculator,actual-cash-value,False
Valuation & Corporate Finance,Valuation,Antique Furniture Value Calculator,antique-furniture-value,False
Valuation & Corporate Finance,Valuation,Assessable Value Calculator,assessable-value,False
Valuation & Corporate Finance,Valuation,Assessed Value To Market Value Calculator,assessed-value-to-market-value,False
Valuation & Corporate Finance,Valuation,Average Ticket Value Calculator,average-ticket-value,False
Valuation & Corporate Finance,Valuation,Average Transaction Value Calculator,average-transaction-value,False
Valuation & Corporate Finance,Valuation,Barbie Value Calculator,barbie-value,False
Valuation & Corporate Finance,Valuation,Bond Carrying Value Calculator,bond-carrying-value,False
Valuation & Corporate Finance,Valuation,Book Value Per Share Calculator,book-value-per-share,False
Valuation & Corporate Finance,Valuation,Book Value Straight Line Depreciation Calculator,book-value-straight-line-depreciation,False
Valuation & Corporate Finance,Valuation,Brand Value Calculator,brand-value,False
Valuation & Corporate Finance,Valuation,Bronze Value Calculator,bronze-value,False
Valuation & Corporate Finance,Valuation,Cash Surrender Value Calculator,cash-surrender-value,False
Valuation & Corporate Finance,Valuation,Cash Value Accumulation Test Calculator,cash-value-accumulation-test,False
Valuation & Corporate Finance,Valuation,Cash Value Of Lottery Winnings Calculator,cash-value-of-lottery-winnings,False
Valuation & Corporate Finance,Valuation,Cattle Value Calculator,cattle-value,False
Valuation & Corporate Finance,Valuation,Collateral Value Calculator,collateral-value,False
Valuation & Corporate Finance,Valuation,Corn Silage Value Calculator,corn-silage-value,False
Valuation & Corporate Finance,Valuation,Cumulative Value Calculator,cumulative-value,False
Valuation & Corporate Finance,Valuation,Discounted Value Calculator,discounted-value,False
Valuation & Corporate Finance,Valuation,Donated Clothing Value Calculator,donated-clothing-value,False
Valuation & Corporate Finance,Valuation,Dutiable Value Calculator,dutiable-value,False
Valuation & Corporate Finance,Valuation,Earned Value Analysis Calculator,earned-value-analysis,False
Valuation & Corporate Finance,Valuation,Earned Value Calculator,earned-value,False
Valuation & Corporate Finance,Valuation,Earned Value Management Calculator,earned-value-management,False
Valuation & Corporate Finance,Valuation,Economic Value Added (EVA) Calculator,economic-value-added-eva,False
Valuation & Corporate Finance,Valuation,Economic Value Calculator,economic-value,False
Valuation & Corporate Finance,Valuation,Excluded Value Calculator,excluded-value,False
Valuation & Corporate Finance,Valuation,Expected Monetary Value Calculator,expected-monetary-value,False
Valuation & Corporate Finance,Valuation,Fair Value Calculator,fair-value,False
Valuation & Corporate Finance,Valuation,Fruit Value Calculator,fruit-value,False
Valuation & Corporate Finance,Valuation,Fully Diluted Market Cap Calculator,fully-diluted-market-cap,False
Valuation & Corporate Finance,Valuation,Garage Sale Value Calculator,garage-sale-value,False
Valuation & Corporate Finance,Valuation,Graham Number Calculator,graham-number,False
Valuation & Corporate Finance,Valuation,Hair Value Calculator,hair-value,False
Valuation & Corporate Finance,Valuation,Horizon Value Calculator,horizon-value,False
Valuation & Corporate Finance,Valuation,Horse Value Calculator,horse-value,False
Valuation & Corporate Finance,Valuation,Indemnity Value Calculator,indemnity-value,False
Valuation & Corporate Finance,Valuation,Index Value Calculator,index-value,False
Valuation & Corporate Finance,Valuation,Instagram Page Value Calculator,instagram-page-value,False
Valuation & Corporate Finance,Valuation,Instagram Post Value Calculator,instagram-post-value,False
Valuation & Corporate Finance,Valuation,Intrensic Value Calculator,intrensic-value,False
Valuation & Corporate Finance,Valuation,Investment Value Difference Calculator,investment-value-difference,False
Valuation & Corporate Finance,Valuation,Jet Ski Value Calculator,jet-ski-value,False
Valuation & Corporate Finance,Valuation,Laundromat Value Calculator,laundromat-value,False
Valuation & Corporate Finance,Valuation,Machine Value Calculator,machine-value,False
Valuation & Corporate Finance,Valuation,Market Value Adjustment Calculator,market-value-adjustment,False
Valuation & Corporate Finance,Valuation,Market to Book Value Calculator,market-to-book-value,False
Valuation & Corporate Finance,Valuation,Maturity Value Calculator,maturity-value,False
Valuation & Corporate Finance,Valuation,Melt Value Of Coins Calculator,melt-value-of-coins,False
Valuation & Corporate Finance,Valuation,Moped Value Calculator,moped-value,False
Valuation & Corporate Finance,Valuation,Net Book Value Calculator,net-book-value,False
Valuation & Corporate Finance,Valuation,Net Present Value Profitability Index Calculator,net-present-value-profitability-index,False
Valuation & Corporate Finance,Valuation,Net Realizable Value Calculator,net-realizable-value,False
Valuation & Corporate Finance,Valuation,Obtained Value Calculator,obtained-value,False
Valuation & Corporate Finance,Valuation,PEG Ratio Calculator,peg-ratio,False
Valuation & Corporate Finance,Valuation,PVBP – Price Value Basis Point Calculator,pvbp-price-value-basis-point,False
Valuation & Corporate Finance,Valuation,Par Value Per Share Calculator,par-value-per-share,False
Valuation & Corporate Finance,Valuation,Past Value Calculator,past-value,False
Valuation & Corporate Finance,Valuation,Past Value Of Money Calculator,past-value-of-money,False
Valuation & Corporate Finance,Valuation,Patent Value Calculator,patent-value,False
Valuation & Corporate Finance,Valuation,Pawn Shop Value Calculator,pawn-shop-value,False
Valuation & Corporate Finance,Valuation,Pearl Value Calculator,pearl-value,False
Valuation & Corporate Finance,Valuation,Pizza Value Calculator,pizza-value,False
Valuation & Corporate Finance,Valuation,Present Day Value Calculator,present-day-value,False
Valuation & Corporate Finance,Valuation,Present Discounted Value Calculator,present-discounted-value,False
Valuation & Corporate Finance,Valuation,Promissory Note Value Calculator,promissory-note-value,False
Valuation & Corporate Finance,Valuation,Publicity Value Calculator,publicity-value,False
Valuation & Corporate Finance,Valuation,Rateable Value Calculator,rateable-value,False
Valuation & Corporate Finance,Valuation,Rateable Value of Water Calculator,rateable-value-of-water,False
Valuation & Corporate Finance,Valuation,Raw Value Calculator,raw-value,False
Valuation & Corporate Finance,Valuation,Register Value Calculator,register-value,False
Valuation & Corporate Finance,Valuation,Residual Value Calculator,residual-value,False
Valuation & Corporate Finance,Valuation,Reverse Present Value Calculator,reverse-present-value,False
Valuation & Corporate Finance,Valuation,Reversion Value Calculator,reversion-value,False
Valuation & Corporate Finance,Valuation,Salvage Value Calculator,salvage-value,False
Valuation & Corporate Finance,Valuation,Self-Storage Value Calculator,self-storage-value,False
Valuation & Corporate Finance,Valuation,Social Media Post Value Calculator,social-media-post-value,False
Valuation & Corporate Finance,Valuation,Sperm Value Calculator,sperm-value,False
Valuation & Corporate Finance,Valuation,Standard Presumptive Value Calculator,standard-presumptive-value,False
Valuation & Corporate Finance,Valuation,Stumpage Value Calculator,stumpage-value,False
Valuation & Corporate Finance,Valuation,Surrender Value Calculator,surrender-value,False
Valuation & Corporate Finance,Valuation,Thrift Value Calculator,thrift-value,False
Valuation & Corporate Finance,Valuation,Tiktok Coin Value Calculator,tiktok-coin-value,False
Valuation & Corporate Finance,Valuation,Timber Value Calculator,timber-value,False
Valuation & Corporate Finance,Valuation,Timeshare Value Calculator,timeshare-value,False
Valuation & Corporate Finance,Valuation,Toilet Paper Value Calculator,toilet-paper-value,False
Valuation & Corporate Finance,Valuation,Token Value Calculator,token-value,False
Valuation & Corporate Finance,Valuation,Total Contract Value (TCV) Calculator,total-contract-value-tcv,False
Valuation & Corporate Finance,Valuation,Trade-In Value Calculator,trade-in-value,False
Valuation & Corporate Finance,Valuation,Value Of Household Goods Calculator,value-of-household-goods,False
Valuation & Corporate Finance,Valuation,Warrant Value Calculator,warrant-value,False
Valuation & Corporate Finance,Valuation,Watch Value Calculator,watch-value,False
Valuation & Corporate Finance,Valuation,Wine Value Calculator,wine-value,False
Valuation & Corporate Finance,Valuation,Write Off Value Calculator,write-off-value,False
